Timestamp;TSP [ug/m3];PM10 [ug/m3];PM4 [ug/m3];PM2,5 [ug/m3];PM1 [ug/m3];PMcoarse [ug/m3];Inhalable [ug/m3];Thoracic [ug/m3];Respirable [ug/m3];pm10-IAQ [ug/m3];pm2,5-IAQ [ug/m3];pm1-IAQ [ug/m3]
14/1/2023 08:09:18;72;31;18;8;2;23;50;33;15;32;6;2
14/1/2023 08:10:18;230;25;12;5;2;19;115;35;11;28;4;2
14/1/2023 08:11:18;31;22;12;5;2;17;29;24;10;24;4;2
14/1/2023 08:12:18;52;21;12;5;2;16;39;25;10;23;4;2
14/1/2023 08:13:18;250;24;13;6;2;18;98;28;11;26;4;2
14/1/2023 08:14:18;121;32;14;6;2;26;127;42;13;38;4;2
14/1/2023 08:15:18;62;38;18;7;2;31;54;43;16;43;5;2
14/1/2023 08:16:18;372;44;18;7;2;37;169;58;16;52;5;2
14/1/2023 08:17:18;197;36;18;7;2;28;115;49;15;40;5;2
14/1/2023 08:18:18;55;32;16;7;2;24;46;36;14;35;5;2
14/1/2023 08:19:18;128;25;13;6;2;19;70;29;11;28;4;2
14/1/2023 08:20:18;35;30;17;7;2;22;33;30;14;31;6;2
14/1/2023 08:21:18;75;29;14;6;2;23;52;33;12;33;5;2
14/1/2023 08:22:18;77;31;16;7;3;23;57;38;14;34;5;2
14/1/2023 08:23:18;230;39;20;9;3;30;112;46;17;43;7;2
14/1/2023 08:24:18;66;34;16;6;2;27;55;40;14;39;5;2
14/1/2023 08:25:18;88;38;19;7;3;30;67;45;17;41;6;2
14/1/2023 08:26:18;61;30;18;8;3;22;47;33;15;32;6;2
14/1/2023 08:27:18;117;31;14;6;2;25;76;41;12;36;4;2
14/1/2023 08:28:18;44;29;13;5;2;23;40;33;11;33;4;2
14/1/2023 08:29:18;63;32;16;7;2;25;50;36;14;35;5;2
14/1/2023 08:30:18;56;26;13;5;2;20;90;29;11;28;4;1
14/1/2023 08:31:18;55;22;10;5;2;17;43;29;9;26;4;2
14/1/2023 08:32:18;54;27;12;5;2;21;93;33;11;31;4;2
14/1/2023 08:33:18;88;39;19;8;3;30;64;44;16;43;6;2
14/1/2023 08:34:18;98;30;13;6;3;24;62;36;12;35;4;2
14/1/2023 08:35:18;74;33;16;7;3;26;57;39;14;37;5;2
14/1/2023 08:36:18;42;28;15;6;3;21;37;31;13;31;5;2
14/1/2023 08:37:18;98;31;16;7;3;24;66;38;14;34;5;2
14/1/2023 08:38:18;93;28;14;7;3;21;61;35;13;31;5;2
14/1/2023 08:39:18;78;42;23;9;2;32;62;46;20;45;7;2
14/1/2023 08:40:18;66;34;19;8;3;25;52;38;16;37;6;2
14/1/2023 08:41:18;80;35;18;7;2;28;59;40;15;39;5;2
14/1/2023 08:42:18;55;30;16;7;2;23;94;34;14;32;5;2
14/1/2023 08:43:18;169;28;16;7;2;21;84;31;13;29;5;2
14/1/2023 08:44:18;60;33;17;7;2;25;49;37;14;36;5;2
14/1/2023 08:45:18;96;25;13;5;2;19;56;28;11;27;4;1
14/1/2023 08:46:18;94;30;13;5;2;24;113;38;12;35;4;1
14/1/2023 08:47:18;79;26;13;6;2;19;103;32;11;28;4;1
14/1/2023 08:48:18;42;26;13;5;2;20;37;29;11;29;4;1
14/1/2023 08:49:18;120;24;11;5;2;18;66;29;10;27;4;1
14/1/2023 08:50:18;41;25;13;6;2;18;35;27;11;27;4;2
14/1/2023 08:51:18;52;29;16;6;2;22;43;32;13;30;5;2
14/1/2023 08:52:18;40;25;14;6;2;19;34;28;12;27;5;2
14/1/2023 08:53:18;61;26;15;7;2;19;45;30;13;27;5;2
14/1/2023 08:54:18;52;23;12;5;2;17;38;25;10;24;4;2
14/1/2023 08:55:18;94;32;16;7;2;25;115;41;13;35;5;2
14/1/2023 08:56:18;70;30;15;7;3;23;50;34;13;34;5;2
14/1/2023 08:57:18;77;42;22;10;3;32;64;49;18;46;7;3
14/1/2023 08:58:18;108;55;29;12;3;42;83;61;25;59;9;3
14/1/2023 08:59:18;151;76;42;20;9;56;116;84;35;82;15;7
14/1/2023 09:00:18;141;78;43;23;15;54;115;87;37;85;18;12
14/1/2023 09:01:18;94;56;26;11;5;45;132;67;23;65;9;4
14/1/2023 09:02:18;133;68;32;13;4;55;107;79;27;77;10;3
14/1/2023 09:03:18;119;66;30;11;4;54;101;77;26;76;9;3
14/1/2023 09:04:18;171;69;35;14;5;55;121;79;31;77;11;4
14/1/2023 09:05:18;148;74;35;14;5;59;118;86;31;83;11;4
14/1/2023 09:06:18;224;72;35;14;5;58;194;84;30;80;11;4
14/1/2023 09:07:18;153;74;33;13;5;60;125;90;29;86;10;4
14/1/2023 09:08:18;212;73;33;14;7;58;152;93;29;85;11;5
14/1/2023 09:09:18;322;69;33;15;6;54;173;83;29;78;11;5
14/1/2023 09:10:18;148;75;33;13;5;62;123;90;29;88;10;4
14/1/2023 09:11:18;140;64;34;17;10;47;109;76;30;71;13;8
14/1/2023 09:12:18;160;61;33;14;5;47;115;73;28;66;10;4
14/1/2023 09:13:18;121;52;28;12;4;39;89;60;24;55;9;3
14/1/2023 09:14:18;136;62;32;13;5;48;104;72;27;68;10;4
14/1/2023 09:15:18;118;58;30;12;5;45;92;66;26;63;9;4
14/1/2023 09:16:18;187;62;29;12;4;49;130;78;26;70;9;3
14/1/2023 09:17:18;205;68;30;12;4;55;186;81;26;78;9;3
14/1/2023 09:18:18;137;62;34;17;8;45;101;70;29;66;13;6
14/1/2023 09:19:18;125;63;35;18;9;45;148;72;30;68;14;7
14/1/2023 09:20:18;123;58;27;11;4;47;101;72;23;67;8;3
14/1/2023 09:21:18;120;50;25;10;4;39;92;62;21;56;8;3
14/1/2023 09:22:18;117;55;29;14;7;40;89;63;25;60;11;5
14/1/2023 09:23:18;109;50;25;11;5;38;85;59;22;56;9;4
14/1/2023 09:24:18;217;52;25;11;4;41;136;69;22;60;8;3
14/1/2023 09:25:18;238;49;26;11;3;38;138;63;22;55;8;3
14/1/2023 09:26:18;137;52;26;10;4;41;97;61;23;57;7;3
14/1/2023 09:27:18;83;46;24;11;5;35;68;51;21;51;8;4
14/1/2023 09:28:18;74;43;19;8;4;34;113;50;17;49;6;3
14/1/2023 09:29:18;199;65;29;11;4;53;139;83;26;75;9;3
14/1/2023 09:30:18;176;49;27;13;6;36;113;60;23;54;10;5
14/1/2023 09:31:18;82;42;21;10;4;32;67;49;18;47;7;3
14/1/2023 09:32:18;98;47;23;9;4;37;75;54;20;53;7;3
14/1/2023 09:33:18;125;63;32;13;5;49;99;72;28;71;10;4
14/1/2023 09:34:18;110;54;28;12;5;42;89;65;23;59;9;4
14/1/2023 09:35:18;115;41;19;7;3;34;77;48;17;48;5;2
14/1/2023 09:36:18;68;31;17;7;3;23;51;35;14;33;6;2
14/1/2023 09:37:18;55;37;19;8;3;28;48;40;17;40;6;2
14/1/2023 09:38:18;66;36;19;8;3;28;55;42;16;40;6;2
14/1/2023 09:39:18;70;27;14;7;3;20;52;33;12;30;5;2
14/1/2023 09:40:18;57;34;17;7;3;26;49;38;15;37;5;2
14/1/2023 09:41:18;160;27;15;6;3;20;74;31;13;28;5;2
14/1/2023 09:42:18;188;26;15;7;3;19;89;34;12;28;5;2
14/1/2023 09:43:18;67;31;17;7;3;23;51;35;14;33;5;2
14/1/2023 09:44:18;29;22;13;6;3;15;25;22;11;22;5;2
14/1/2023 09:45:18;39;23;11;5;3;17;34;27;9;26;4;2
14/1/2023 09:46:18;34;24;14;6;3;17;30;25;12;24;5;2
14/1/2023 09:47:18;90;23;11;5;2;17;53;27;10;25;4;2
14/1/2023 09:48:18;76;22;12;6;2;16;44;24;10;24;4;2
14/1/2023 09:49:18;65;19;11;5;2;14;39;21;9;20;4;2
14/1/2023 09:50:18;179;19;11;5;2;13;78;23;10;20;4;2
14/1/2023 09:51:18;25;17;10;5;2;12;22;18;8;18;3;1
14/1/2023 09:52:18;52;16;9;4;2;11;35;19;8;17;3;1
14/1/2023 09:53:18;30;15;9;5;2;9;23;17;8;15;4;2
14/1/2023 09:54:18;51;18;10;5;3;12;33;19;9;19;4;2
14/1/2023 09:55:18;27;17;11;6;3;11;21;17;9;16;4;2
14/1/2023 09:56:18;48;18;10;5;3;12;35;22;9;19;4;2
14/1/2023 09:57:18;26;19;11;5;2;14;24;21;9;21;4;2
14/1/2023 09:58:18;15;14;9;4;2;9;14;14;7;14;3;2
14/1/2023 09:59:18;31;16;10;6;3;10;23;17;8;15;4;2
14/1/2023 10:00:18;59;26;14;7;3;18;43;29;12;27;5;3
14/1/2023 10:01:18;271;22;13;6;3;15;105;26;11;23;5;2
14/1/2023 10:02:18;176;26;17;9;4;17;77;27;14;26;7;3
14/1/2023 10:03:18;54;27;15;7;3;20;44;32;13;30;5;3
14/1/2023 10:04:18;133;16;8;4;2;12;56;19;7;18;3;1
14/1/2023 10:05:18;12;10;7;4;2;5;10;9;6;9;3;1
14/1/2023 10:06:18;29;18;11;5;2;12;24;19;9;18;4;2
14/1/2023 10:07:18;26;15;9;5;2;10;21;16;8;15;4;1
14/1/2023 10:08:18;45;16;10;5;2;11;31;19;8;16;4;1
14/1/2023 10:09:18;36;19;9;4;2;14;77;21;8;21;3;1
14/1/2023 10:10:18;45;19;12;5;2;13;34;22;10;19;4;2
14/1/2023 10:11:18;19;16;10;5;2;11;17;16;8;16;4;1
14/1/2023 10:12:18;20;14;9;5;2;9;17;14;8;14;3;1
14/1/2023 10:13:18;18;17;11;5;2;11;16;16;9;16;4;1
14/1/2023 10:14:18;56;18;10;5;2;13;36;20;8;19;4;2
14/1/2023 10:15:18;26;17;8;4;2;12;23;19;7;19;3;2
14/1/2023 10:16:18;90;40;20;8;2;32;67;46;17;45;6;2
14/1/2023 10:17:18;152;70;28;8;2;61;126;90;26;84;6;2
14/1/2023 10:18:18;38;17;9;4;2;12;28;19;8;18;3;1
14/1/2023 10:19:18;24;13;8;4;2;9;19;14;7;13;3;1
14/1/2023 10:20:18;32;16;9;4;2;11;25;18;8;16;3;1
14/1/2023 10:21:18;18;10;7;4;2;6;14;10;5;10;3;1
14/1/2023 10:22:18;132;16;8;4;2;12;68;22;7;18;3;1
14/1/2023 10:23:18;27;11;7;4;2;7;18;11;6;11;3;1
14/1/2023 10:24:18;24;19;10;5;2;14;23;20;9;21;4;1
14/1/2023 10:25:18;42;16;8;4;2;11;30;19;7;17;3;1
14/1/2023 10:26:18;29;20;12;7;4;13;25;21;10;21;5;3
14/1/2023 10:27:18;40;14;9;5;3;8;27;17;7;15;4;3
14/1/2023 10:28:18;21;11;7;4;2;7;16;12;6;11;3;2
14/1/2023 10:29:18;48;21;10;5;2;15;37;25;9;23;4;2
14/1/2023 10:30:18;45;20;11;5;2;14;34;23;9;22;4;2
14/1/2023 10:31:18;44;20;10;5;2;15;34;23;9;22;4;2
14/1/2023 10:32:18;130;22;12;7;4;14;57;23;10;24;5;3
14/1/2023 10:33:18;29;16;8;5;3;10;24;18;7;17;4;2
14/1/2023 10:34:18;69;24;13;7;4;17;51;31;11;27;5;3
14/1/2023 10:35:18;21;17;10;5;3;11;20;18;8;19;4;2
14/1/2023 10:36:18;36;23;13;6;3;16;30;24;11;24;5;3
14/1/2023 10:37:18;37;20;13;7;4;13;28;21;11;21;5;3
14/1/2023 10:38:18;33;17;8;4;2;12;27;20;7;19;3;2
14/1/2023 10:39:18;19;15;9;5;2;10;18;16;7;16;3;2
14/1/2023 10:40:18;72;16;9;4;2;11;39;17;7;17;3;2
14/1/2023 10:41:18;65;21;11;5;2;15;45;26;9;23;4;2
14/1/2023 10:42:18;33;18;9;4;2;13;28;21;8;20;3;2
14/1/2023 10:43:18;138;22;13;6;2;16;60;24;11;23;4;2
14/1/2023 10:44:18;33;19;12;5;2;13;27;21;10;19;4;2
14/1/2023 10:45:18;38;16;8;4;2;11;28;19;7;18;3;1
14/1/2023 10:46:18;65;16;9;4;2;11;39;19;7;17;3;2
14/1/2023 10:47:18;31;26;16;7;2;19;29;26;13;27;5;1
14/1/2023 10:48:18;33;15;10;5;2;10;24;16;8;14;4;1
14/1/2023 10:49:18;136;17;10;5;2;12;56;19;8;19;4;2
14/1/2023 10:50:18;124;21;12;6;2;14;70;27;10;21;5;2
14/1/2023 10:51:18;33;17;10;5;2;11;25;18;8;18;4;2
14/1/2023 10:52:18;18;12;8;4;2;8;15;13;7;12;3;2
14/1/2023 10:53:18;71;22;10;5;2;16;48;27;9;25;4;2
14/1/2023 10:54:18;75;25;13;6;2;19;50;30;11;27;4;2
14/1/2023 10:55:18;80;24;11;5;2;19;53;31;10;28;4;2
14/1/2023 10:56:18;79;18;10;4;2;13;47;22;8;20;3;2
14/1/2023 10:57:18;53;35;17;7;2;28;48;40;15;40;5;2
14/1/2023 10:58:18;42;26;15;6;2;20;35;28;12;27;5;2
14/1/2023 10:59:18;59;24;14;6;2;18;41;26;12;26;5;2
14/1/2023 11:00:18;59;21;12;5;2;15;89;24;10;21;4;2
14/1/2023 11:01:18;48;23;11;5;2;17;38;28;10;25;4;2
14/1/2023 11:02:18;38;21;11;5;2;16;32;24;10;23;4;2
14/1/2023 11:03:18;65;24;11;5;3;19;50;32;10;28;4;2
14/1/2023 11:04:18;56;29;15;7;3;22;46;35;13;32;5;2
14/1/2023 11:05:18;180;32;15;6;2;25;89;39;13;36;5;2
14/1/2023 11:06:18;49;31;16;8;4;23;43;35;14;34;6;3
14/1/2023 11:07:18;103;32;16;7;4;25;69;40;14;36;6;3
14/1/2023 11:08:18;121;39;20;8;3;31;80;46;17;43;6;2
14/1/2023 11:09:18;69;36;16;7;2;29;58;43;14;41;5;2
14/1/2023 11:10:18;236;31;15;6;2;25;114;42;13;36;5;2
14/1/2023 11:11:18;106;25;14;6;2;19;60;29;11;26;4;2
14/1/2023 11:12:18;49;29;14;6;2;22;42;33;12;32;5;2
14/1/2023 11:13:18;59;30;16;7;2;22;47;34;13;31;5;2
14/1/2023 11:14:18;120;32;18;8;2;24;76;39;15;34;6;2
14/1/2023 11:15:18;186;30;15;6;2;24;101;40;13;34;5;2
14/1/2023 11:16:18;59;24;11;5;2;18;45;30;10;27;4;2
14/1/2023 11:17:18;40;28;15;6;2;21;36;31;13;31;5;2
14/1/2023 11:18:18;34;25;14;6;2;18;30;26;12;26;5;2
14/1/2023 11:19:18;48;17;10;5;2;11;30;17;8;17;4;1
14/1/2023 11:20:18;338;24;15;6;2;17;158;35;13;24;5;1
14/1/2023 11:21:18;54;18;10;5;2;13;35;20;9;19;3;1
14/1/2023 11:22:18;47;21;12;5;2;16;84;24;10;22;4;2
14/1/2023 11:23:18;92;25;13;6;2;18;58;30;11;27;4;2
14/1/2023 11:24:18;51;31;16;7;2;23;43;34;14;33;5;2
14/1/2023 11:25:18;105;32;15;6;2;26;67;38;13;36;4;2
14/1/2023 11:26:18;78;35;16;6;2;28;61;42;14;40;5;2
14/1/2023 11:27:18;37;25;14;6;2;18;33;27;11;26;5;2
14/1/2023 11:28:18;35;24;13;6;2;17;32;26;11;26;5;2
14/1/2023 11:29:18;34;20;11;5;2;15;30;24;9;22;4;2
14/1/2023 11:30:18;57;33;15;6;2;26;49;38;13;37;5;2
14/1/2023 11:31:18;46;30;15;7;2;23;41;34;13;33;5;2
14/1/2023 11:32:18;97;26;14;7;2;19;57;29;12;27;5;2
14/1/2023 11:33:18;91;45;22;9;3;36;72;52;19;50;6;2
14/1/2023 11:34:18;367;34;17;7;3;27;305;46;15;39;5;2
14/1/2023 11:35:18;41;26;13;6;2;19;84;29;11;28;4;2
14/1/2023 11:36:18;36;18;11;5;2;13;26;19;9;18;4;2
14/1/2023 11:37:18;293;49;22;8;2;40;137;58;19;56;6;2
14/1/2023 11:38:18;148;51;24;9;2;42;102;63;21;59;6;2
14/1/2023 11:39:18;89;35;17;7;2;27;64;41;15;39;5;2
14/1/2023 11:40:18;30;26;14;6;2;19;29;26;12;27;5;2
14/1/2023 11:41:18;228;31;17;8;2;23;112;38;14;33;6;2
14/1/2023 11:42:18;147;21;13;6;2;15;64;23;11;22;5;2
14/1/2023 11:43:18;64;27;16;7;2;19;47;31;13;27;5;2
14/1/2023 11:44:18;72;33;18;8;2;25;55;38;15;35;6;2
14/1/2023 11:45:18;728;26;11;5;2;20;465;53;10;31;4;2
14/1/2023 11:46:18;81;18;10;5;2;13;47;22;9;19;4;2
14/1/2023 11:47:18;98;21;13;6;2;15;54;25;11;22;5;2
14/1/2023 11:48:18;33;21;11;5;2;15;28;22;9;22;4;2
14/1/2023 11:49:18;54;25;15;7;2;18;40;28;13;26;5;2
14/1/2023 11:50:18;50;23;13;6;2;17;37;25;11;24;4;2
14/1/2023 11:51:18;44;23;11;5;2;17;37;27;9;26;4;2
14/1/2023 11:52:18;88;24;13;6;2;18;53;27;11;26;4;2
14/1/2023 11:53:18;30;23;14;7;2;16;26;23;12;23;5;2
14/1/2023 11:54:18;30;21;12;5;2;15;27;23;11;22;4;2
14/1/2023 11:55:18;32;23;12;6;3;16;28;24;11;24;4;2
14/1/2023 11:56:18;37;24;13;6;3;17;32;26;11;26;5;2
14/1/2023 11:57:18;56;28;15;7;3;21;45;33;13;31;5;2
14/1/2023 11:58:18;26;21;13;6;2;15;24;21;10;22;4;2
14/1/2023 11:59:18;57;39;19;8;3;31;52;44;17;44;6;2
14/1/2023 12:00:18;331;78;31;10;3;67;292;101;28;93;8;2
14/1/2023 12:01:18;110;39;23;10;3;29;72;43;19;40;7;2
14/1/2023 12:02:18;41;24;14;7;3;17;34;26;11;25;5;2
14/1/2023 12:03:18;92;28;15;7;3;20;56;31;13;30;5;2
14/1/2023 12:04:18;66;28;16;8;4;20;51;34;14;31;6;3
14/1/2023 12:05:18;60;37;24;11;4;26;47;37;19;37;8;3
14/1/2023 12:06:18;48;31;17;8;3;23;43;36;14;35;6;3
14/1/2023 12:07:18;140;27;16;8;3;19;64;29;14;28;6;3
14/1/2023 12:08:18;68;33;20;9;3;24;48;34;17;34;7;3
14/1/2023 12:09:18;32;25;15;8;3;17;28;25;13;25;6;2
14/1/2023 12:10:18;59;25;12;6;3;18;44;30;10;27;4;2
14/1/2023 12:11:18;120;58;29;11;3;46;92;66;24;63;8;3
14/1/2023 12:12:18;33;26;16;8;3;18;30;26;13;27;6;3
14/1/2023 12:13:18;89;23;15;8;4;14;48;23;12;22;6;3
14/1/2023 12:14:18;40;26;15;7;3;18;34;28;12;28;6;2
14/1/2023 12:15:18;41;24;16;8;4;15;32;25;13;23;6;3
14/1/2023 12:16:18;38;26;13;7;3;18;34;29;12;28;5;3
14/1/2023 12:17:18;71;30;18;9;4;21;52;35;15;31;7;3
14/1/2023 12:18:18;98;26;17;8;4;18;59;30;14;26;6;3
14/1/2023 12:19:18;29;23;15;8;4;14;26;23;13;23;6;3
14/1/2023 12:20:18;225;37;20;10;5;27;316;48;17;40;7;4
14/1/2023 12:21:18;102;40;22;9;4;30;73;47;18;43;7;3
14/1/2023 12:22:18;661;69;36;14;4;54;297;91;30;76;11;3
14/1/2023 12:23:18;100;51;32;14;4;37;73;53;26;51;11;3
14/1/2023 12:24:18;74;32;19;8;3;23;148;34;16;33;6;2
14/1/2023 12:25:18;69;25;14;7;3;17;45;28;12;26;5;2
14/1/2023 12:26:18;53;24;14;7;3;17;41;28;12;25;5;2
14/1/2023 12:27:18;62;31;17;8;4;22;98;35;14;33;6;3
14/1/2023 12:28:18;194;30;17;9;5;21;90;35;14;32;7;4
14/1/2023 12:29:18;54;25;16;9;4;16;39;27;13;25;7;3
14/1/2023 12:30:18;53;24;14;7;3;17;39;27;12;26;5;2
14/1/2023 12:31:18;85;26;17;8;3;17;97;26;14;25;6;2
14/1/2023 12:32:18;42;25;15;8;4;17;34;26;13;25;6;3
14/1/2023 12:33:18;32;21;13;8;4;13;27;23;12;22;6;3
14/1/2023 12:34:18;52;21;14;8;4;13;33;21;12;21;6;3
14/1/2023 12:35:18;39;25;16;9;4;16;32;26;13;25;7;3
14/1/2023 12:36:18;81;27;16;8;3;19;48;27;13;28;6;3
14/1/2023 12:37:18;119;26;15;7;3;19;114;30;13;27;5;2
14/1/2023 12:38:18;33;25;16;8;3;16;29;25;13;25;6;3
14/1/2023 12:39:18;146;21;13;7;3;14;65;25;11;22;5;2
14/1/2023 12:40:18;98;24;14;7;3;17;55;27;12;26;5;3
14/1/2023 12:41:18;44;24;17;9;4;15;33;25;14;23;7;3
14/1/2023 12:42:18;98;25;14;7;3;17;58;29;11;27;5;3
14/1/2023 12:43:18;89;32;20;9;3;22;61;37;16;32;7;2
14/1/2023 12:44:18;72;35;20;10;4;25;55;39;17;37;7;3
14/1/2023 12:45:18;132;31;17;8;3;22;75;35;15;33;6;3
14/1/2023 12:46:18;56;22;13;6;3;16;41;27;11;23;5;2
14/1/2023 12:47:18;141;26;14;7;3;18;64;29;12;28;5;2
14/1/2023 12:48:18;26;19;13;7;3;12;22;19;11;18;5;2
14/1/2023 12:49:18;26;18;12;6;3;12;22;19;10;19;5;2
14/1/2023 12:50:18;55;23;13;6;3;16;40;26;11;24;5;2
14/1/2023 12:51:18;207;40;24;11;4;28;102;44;20;41;9;3
14/1/2023 12:52:18;91;22;13;6;3;15;52;25;11;23;5;2
14/1/2023 12:53:18;57;24;15;7;4;17;38;25;12;25;6;3
14/1/2023 12:54:18;65;26;17;11;7;15;43;27;14;26;8;6
14/1/2023 12:55:18;42;22;14;9;6;13;80;23;12;21;7;4
14/1/2023 12:56:18;87;24;16;10;6;14;53;28;13;25;8;5
14/1/2023 12:57:18;44;24;16;10;6;14;35;26;13;25;8;5
14/1/2023 12:58:18;61;32;20;11;6;21;46;33;16;32;8;5
14/1/2023 12:59:18;46;28;19;14;10;14;37;29;16;28;11;8
14/1/2023 13:00:18;37;31;22;16;12;15;33;30;18;30;13;10
14/1/2023 13:01:18;36;23;14;8;4;15;30;25;12;24;6;3
14/1/2023 13:02:18;127;34;24;18;14;15;73;37;20;33;14;11
14/1/2023 13:03:18;26;20;15;9;5;11;22;19;12;19;7;4
14/1/2023 13:04:18;78;39;25;15;10;23;59;42;20;39;12;8
14/1/2023 13:05:18;77;28;18;11;6;17;52;31;15;28;8;5
14/1/2023 13:06:18;44;31;21;11;6;20;36;31;17;31;9;5
14/1/2023 13:07:18;111;33;17;9;5;23;167;38;15;36;7;4
14/1/2023 13:08:18;223;23;13;7;4;15;96;28;11;25;6;3
14/1/2023 13:09:18;64;27;18;9;5;17;189;28;15;27;7;4
14/1/2023 13:10:18;197;27;16;7;3;19;88;31;13;28;6;2
14/1/2023 13:11:18;39;29;19;9;4;20;34;29;16;29;7;3
14/1/2023 13:12:18;199;38;21;10;5;28;111;46;18;41;8;4
14/1/2023 13:13:18;57;25;15;8;3;17;38;25;13;25;6;2
14/1/2023 13:14:18;102;29;17;9;5;19;60;31;14;31;7;4
14/1/2023 13:15:18;192;32;22;15;10;17;96;35;18;31;12;8
14/1/2023 13:16:18;30;24;16;10;6;14;27;24;14;24;8;5
14/1/2023 13:17:18;19;18;13;7;3;11;18;17;10;17;5;2
14/1/2023 13:18:18;52;24;14;7;3;17;38;26;12;25;5;2
14/1/2023 13:19:18;70;30;16;8;3;22;52;35;14;32;6;2
14/1/2023 13:20:18;39;28;15;7;3;20;35;30;13;30;5;2
14/1/2023 13:21:18;77;32;15;7;3;25;56;37;13;36;5;2
14/1/2023 13:22:18;190;55;27;11;4;43;170;67;23;60;9;3
14/1/2023 13:23:18;76;41;22;10;4;31;159;47;19;45;8;3
14/1/2023 13:24:18;89;35;20;9;4;25;63;39;17;36;7;3
14/1/2023 13:25:18;60;32;20;9;3;22;45;33;16;32;7;3
14/1/2023 13:26:18;49;38;21;9;3;28;45;39;17;40;7;2
14/1/2023 13:27:18;70;34;21;10;4;24;50;35;17;35;7;3
14/1/2023 13:28:18;68;24;15;8;3;16;44;25;13;23;6;2
14/1/2023 13:29:18;69;23;14;7;3;16;44;26;11;24;5;2
14/1/2023 13:30:18;50;25;14;7;3;18;39;28;12;26;5;2
14/1/2023 13:31:18;61;35;20;9;3;26;50;39;17;37;7;2
14/1/2023 13:32:18;82;25;15;8;3;17;53;30;13;26;6;2
14/1/2023 13:33:18;197;27;16;8;3;19;86;30;13;28;6;3
14/1/2023 13:34:18;55;30;18;9;3;21;42;31;15;30;7;3
14/1/2023 13:35:18;185;39;23;10;3;28;102;44;19;40;8;3
14/1/2023 13:36:18;411;55;27;11;4;43;230;63;24;61;9;3
14/1/2023 13:37:18;196;41;22;10;4;31;102;49;19;44;8;3
14/1/2023 13:38:18;140;46;22;9;3;36;98;58;19;52;7;3
14/1/2023 13:39:18;78;35;20;9;3;26;55;37;16;37;7;2
14/1/2023 13:40:18;150;39;18;8;3;31;95;50;16;44;6;2
14/1/2023 13:41:18;181;41;22;10;4;30;94;47;18;44;7;3
14/1/2023 13:42:18;257;50;25;11;4;39;180;59;22;56;8;3
14/1/2023 13:43:18;142;43;26;11;3;32;85;47;21;44;8;2
14/1/2023 13:44:18;66;42;24;10;3;32;55;44;20;43;8;2
14/1/2023 13:45:18;89;44;24;10;3;34;119;51;20;46;7;2
14/1/2023 13:46:18;124;43;23;9;3;33;85;51;19;47;7;3
14/1/2023 13:47:18;70;42;24;10;3;32;57;45;20;45;8;3
14/1/2023 13:48:18;72;27;17;8;3;19;47;29;14;27;6;2
14/1/2023 13:49:18;55;26;15;7;2;18;90;29;12;26;6;2
14/1/2023 13:50:18;47;24;14;7;3;17;36;26;11;25;5;2
14/1/2023 13:51:18;55;36;24;12;3;23;45;36;20;34;9;3
14/1/2023 13:52:18;68;28;18;8;2;19;46;29;15;27;6;2
14/1/2023 13:53:18;45;24;13;6;2;18;37;28;11;26;4;2
14/1/2023 13:54:18;56;28;15;7;2;21;45;33;13;31;5;2
14/1/2023 13:55:18;156;31;17;8;3;22;76;36;15;34;6;2
14/1/2023 13:56:18;166;33;18;8;3;25;82;38;15;36;6;2
14/1/2023 13:57:18;155;32;18;8;3;23;124;36;15;34;6;2
14/1/2023 13:58:18;93;28;17;8;3;19;59;32;14;28;6;2
14/1/2023 13:59:18;88;26;15;7;3;18;57;31;12;27;5;2
14/1/2023 14:00:18;210;40;20;10;4;30;113;47;17;44;7;3
14/1/2023 14:01:18;106;42;21;9;3;32;79;51;18;46;7;2
14/1/2023 14:02:18;60;31;18;8;3;22;46;33;16;31;6;2
14/1/2023 14:03:18;133;21;14;8;4;13;64;22;11;20;6;3
14/1/2023 14:04:18;43;23;15;8;4;15;33;24;12;23;6;3
14/1/2023 14:05:18;42;26;16;8;4;18;35;28;13;27;6;3
14/1/2023 14:06:18;83;22;14;7;3;14;47;23;12;21;5;2
14/1/2023 14:07:18;35;25;14;7;3;17;31;26;12;26;5;2
14/1/2023 14:08:18;65;28;17;9;3;18;47;31;14;28;7;3
14/1/2023 14:09:18;202;32;20;10;4;21;89;32;16;30;7;3
14/1/2023 14:10:18;144;31;17;7;3;24;88;41;15;33;5;2
14/1/2023 14:11:18;350;50;27;12;4;38;169;61;23;53;9;3
14/1/2023 14:12:18;103;39;23;11;3;27;69;43;19;40;8;3
14/1/2023 14:13:18;315;63;37;16;4;47;225;78;31;65;12;3
14/1/2023 14:14:18;68;35;20;9;3;25;54;40;17;37;7;2
14/1/2023 14:15:18;235;36;19;9;3;27;110;42;16;39;6;2
14/1/2023 14:16:18;36;30;18;8;3;21;32;29;15;30;6;2
14/1/2023 14:17:18;34;23;14;7;3;16;30;25;12;24;5;2
14/1/2023 14:18:18;51;29;18;8;3;20;40;31;15;29;6;2
14/1/2023 14:19:18;54;35;20;9;3;25;46;37;17;37;7;2
14/1/2023 14:20:18;52;39;21;9;4;29;96;41;18;42;7;3
14/1/2023 14:21:18;92;35;21;10;3;25;64;40;17;37;7;3
14/1/2023 14:22:18;104;35;23;11;4;24;63;36;18;35;8;3
14/1/2023 14:23:18;249;36;21;9;4;27;114;40;17;38;7;3
14/1/2023 14:24:18;91;39;18;8;3;31;71;48;16;45;6;3
14/1/2023 14:25:18;341;53;24;10;4;43;213;68;22;61;8;3
14/1/2023 14:26:18;59;36;20;9;3;27;50;40;16;38;6;2
14/1/2023 14:27:18;36;25;15;7;2;18;31;26;12;26;5;2
14/1/2023 14:28:18;87;29;17;7;3;22;56;32;14;30;6;2
14/1/2023 14:29:18;102;37;21;9;2;27;69;42;17;39;7;2
14/1/2023 14:30:18;116;44;23;10;3;34;83;53;20;49;7;2
14/1/2023 14:31:18;126;48;28;12;4;36;81;50;24;50;9;3
14/1/2023 14:32:18;87;51;30;13;3;37;70;54;25;51;10;3
14/1/2023 14:33:18;149;33;16;7;2;26;83;39;14;38;5;2
14/1/2023 14:34:18;67;36;20;9;3;26;54;40;17;38;7;2
14/1/2023 14:35:18;306;47;26;11;3;35;162;60;22;49;8;2
14/1/2023 14:36:18;76;45;25;10;2;35;112;50;21;48;8;2
14/1/2023 14:37:18;209;37;22;10;2;27;104;44;19;38;7;2
14/1/2023 14:38:18;91;39;22;9;3;29;67;45;18;41;7;2
14/1/2023 14:39:18;73;32;20;10;4;22;55;37;16;33;7;3
14/1/2023 14:40:18;70;41;23;9;3;32;58;45;19;44;7;2
14/1/2023 14:41:18;110;38;23;10;3;28;72;43;19;39;7;2
14/1/2023 14:42:18;103;41;24;10;3;31;70;44;20;42;7;2
14/1/2023 14:43:18;98;37;20;9;3;28;68;43;17;41;7;2
14/1/2023 14:44:18;110;53;26;10;3;42;133;61;23;59;8;3
14/1/2023 14:45:18;203;67;35;14;4;52;118;73;30;72;11;3
14/1/2023 14:46:18;109;38;21;9;3;29;75;45;18;40;7;2
14/1/2023 14:47:18;249;55;33;13;4;41;272;59;27;56;10;3
14/1/2023 14:48:18;468;84;41;15;5;68;392;103;36;93;12;4
14/1/2023 14:49:18;151;53;28;12;4;41;197;60;23;58;9;3
14/1/2023 14:50:18;390;51;27;11;3;39;173;58;23;54;9;3
14/1/2023 14:51:18;281;66;35;13;4;52;262;79;30;70;10;3
14/1/2023 14:52:18;99;48;27;11;4;37;76;54;23;52;8;3
14/1/2023 14:53:18;194;34;17;8;3;26;96;42;15;38;6;2
14/1/2023 14:54:18;101;48;27;13;4;34;78;55;23;51;10;3
14/1/2023 14:55:18;174;42;24;10;3;32;89;46;20;44;8;2
14/1/2023 14:56:18;140;31;17;7;3;24;66;33;14;34;6;2
14/1/2023 14:57:18;65;33;18;9;4;24;51;37;16;36;7;3
14/1/2023 14:58:18;99;43;21;10;3;33;269;50;18;48;8;3
14/1/2023 14:59:18;153;47;24;10;3;36;99;57;21;50;7;2
14/1/2023 15:00:18;623;63;32;12;3;51;348;90;27;69;9;2
14/1/2023 15:01:18;780;105;44;16;3;88;737;148;39;125;12;2
14/1/2023 15:02:18;220;62;37;15;3;47;131;68;31;63;11;2
14/1/2023 15:03:18;96;55;31;12;3;42;127;60;26;57;9;2
14/1/2023 15:04:18;115;36;21;8;2;27;71;41;17;37;6;2
14/1/2023 15:05:18;47;31;18;8;3;22;41;34;15;33;6;2
14/1/2023 15:06:18;52;34;20;9;3;24;140;35;17;34;7;2
14/1/2023 15:07:18;83;46;28;12;2;34;65;49;23;45;9;2
14/1/2023 15:08:18;115;40;22;9;3;30;126;46;18;43;7;2
14/1/2023 15:09:18;47;38;23;10;3;27;42;38;19;38;7;2
14/1/2023 15:10:18;418;82;35;13;4;68;394;113;32;95;10;3
14/1/2023 15:11:18;151;60;32;13;3;47;200;66;27;65;9;2
14/1/2023 15:12:18;253;56;29;11;3;45;193;67;24;61;8;2
14/1/2023 15:13:18;191;36;19;8;2;28;103;43;17;39;6;2
14/1/2023 15:14:18;64;31;18;8;2;23;97;34;15;32;6;2
14/1/2023 15:15:18;97;40;21;9;3;31;71;47;18;42;7;2
14/1/2023 15:16:18;185;50;26;10;3;40;113;59;22;55;7;2
14/1/2023 15:17:18;441;41;22;9;2;31;232;47;18;43;7;2
14/1/2023 15:18:18;41;27;16;7;2;19;35;29;13;27;5;2
14/1/2023 15:19:18;177;34;20;8;2;25;86;38;16;35;6;2
14/1/2023 15:20:18;93;26;15;7;3;19;55;29;13;27;5;2
14/1/2023 15:21:18;47;22;12;6;2;15;35;24;10;23;5;2
14/1/2023 15:22:18;275;31;16;7;2;23;123;38;14;33;5;2
14/1/2023 15:23:18;366;44;23;9;3;34;214;56;19;47;7;2
14/1/2023 15:24:18;213;54;28;12;3;42;129;66;23;59;9;3
14/1/2023 15:25:18;313;61;36;14;3;46;264;69;30;61;11;2
14/1/2023 15:26:18;392;61;30;12;3;48;388;74;25;68;9;2
14/1/2023 15:27:18;115;34;16;7;3;26;173;42;14;38;5;2
14/1/2023 15:28:18;50;32;19;8;2;23;42;34;15;33;6;2
14/1/2023 15:29:18;102;30;18;7;2;23;110;34;15;31;5;2
14/1/2023 15:30:18;100;37;21;9;2;28;69;43;18;38;6;2
14/1/2023 15:31:18;199;44;25;9;2;34;103;51;21;46;7;2
14/1/2023 15:32:18;104;46;25;10;3;35;78;54;21;49;8;2
14/1/2023 15:33:18;353;48;27;13;6;34;165;57;23;51;10;4
14/1/2023 15:34:18;494;72;46;20;4;52;276;80;38;72;15;3
14/1/2023 15:35:18;363;79;41;15;4;64;441;94;35;86;12;3
14/1/2023 15:36:18;388;58;29;13;3;44;267;86;24;63;10;2
14/1/2023 15:37:18;65;37;22;10;3;26;53;41;19;38;8;2
14/1/2023 15:38:18;58;35;20;9;3;26;49;39;17;37;7;3
14/1/2023 15:39:18;201;52;33;19;12;32;106;55;27;52;15;9
14/1/2023 15:40:18;170;60;41;27;18;32;201;61;34;59;21;15
14/1/2023 15:41:18;103;59;42;27;17;31;76;57;34;56;21;14
14/1/2023 15:42:18;128;59;39;24;15;34;92;62;32;59;19;12
14/1/2023 15:43:18;349;52;35;24;17;28;202;56;29;52;18;13
14/1/2023 15:44:18;131;32;20;10;4;21;75;36;16;32;8;3
14/1/2023 15:45:18;228;38;25;15;9;22;154;40;21;37;12;7
14/1/2023 15:46:18;60;34;21;11;6;22;47;35;17;34;9;5
14/1/2023 15:47:18;71;35;21;11;7;23;148;36;17;37;9;6
14/1/2023 15:48:18;238;63;33;15;6;47;140;72;28;69;11;5
14/1/2023 15:49:18;185;100;75;56;42;44;330;100;61;95;44;34
14/1/2023 15:50:18;355;63;44;31;22;32;163;66;36;61;24;18
14/1/2023 15:51:18;57;42;24;13;7;28;52;45;21;45;10;6
14/1/2023 15:52:18;93;50;29;15;8;35;75;57;24;53;11;6
14/1/2023 15:53:18;273;54;31;15;7;39;137;61;27;57;11;5
14/1/2023 15:54:18;122;48;30;13;4;34;127;50;25;47;10;3
14/1/2023 15:55:18;121;51;30;13;4;38;80;53;25;52;10;3
14/1/2023 15:56:18;246;60;36;15;5;44;133;68;30;61;12;4
14/1/2023 15:57:18;393;65;35;14;4;51;183;73;30;70;10;3
14/1/2023 15:58:18;208;50;26;11;4;39;121;59;23;55;8;3
14/1/2023 15:59:18;263;50;28;12;3;38;129;55;23;53;9;3
14/1/2023 16:00:18;348;57;36;15;4;42;167;62;29;55;11;3
14/1/2023 16:01:18;165;48;25;11;4;37;103;56;22;52;8;3
14/1/2023 16:02:18;51;33;19;9;4;23;43;35;16;34;7;3
14/1/2023 16:03:18;66;45;24;11;4;33;59;49;20;49;9;3
14/1/2023 16:04:18;99;35;23;11;4;23;60;36;19;34;8;3
14/1/2023 16:05:18;50;33;21;10;4;23;43;35;17;34;8;3
14/1/2023 16:06:18;58;43;25;11;4;31;51;44;21;44;9;3
14/1/2023 16:07:18;139;34;19;8;3;25;79;38;16;36;6;2
14/1/2023 16:08:18;75;39;24;11;4;28;56;40;20;39;8;3
14/1/2023 16:09:18;175;40;23;10;3;30;89;45;20;43;8;2
14/1/2023 16:10:18;216;56;32;14;3;42;123;61;27;58;10;3
14/1/2023 16:11:18;198;50;28;12;3;38;112;55;24;52;9;2
14/1/2023 16:12:18;178;47;27;10;3;37;102;52;23;50;8;2
14/1/2023 16:13:18;122;39;21;8;3;30;177;46;18;42;6;2
14/1/2023 16:14:18;154;32;19;9;3;23;89;39;15;33;7;2
14/1/2023 16:15:18;169;43;23;9;3;34;101;51;19;47;7;2
14/1/2023 16:16:18;141;39;24;10;3;28;81;41;20;38;8;2
14/1/2023 16:17:18;138;50;30;12;3;37;90;55;25;51;9;3
14/1/2023 16:18:18;59;32;19;9;3;23;47;35;16;33;7;2
14/1/2023 16:19:18;203;37;20;9;3;28;158;44;17;39;7;2
14/1/2023 16:20:18;232;43;25;11;3;31;121;48;21;43;8;2
14/1/2023 16:21:18;206;30;18;8;2;22;92;34;15;32;6;2
14/1/2023 16:22:18;55;26;16;7;3;19;40;28;13;26;5;2
14/1/2023 16:23:18;52;31;18;8;3;23;42;33;15;31;6;2
14/1/2023 16:24:18;76;22;12;6;2;16;48;26;11;24;4;2
14/1/2023 16:25:18;59;35;20;9;3;26;48;37;17;36;7;2
14/1/2023 16:26:18;143;47;26;11;3;36;92;54;22;50;8;3
14/1/2023 16:27:18;76;47;26;11;3;35;63;50;22;49;8;2
14/1/2023 16:28:18;117;30;19;9;3;21;218;37;16;30;6;2
14/1/2023 16:29:18;71;30;17;8;3;22;52;35;14;32;6;2
14/1/2023 16:30:18;251;33;19;9;3;24;163;39;16;34;6;2
14/1/2023 16:31:18;364;36;21;9;3;27;151;42;17;38;7;2
14/1/2023 16:32:18;118;47;25;10;3;37;184;57;21;51;7;2
14/1/2023 16:33:18;142;53;31;13;3;40;146;61;26;55;10;3
14/1/2023 16:34:18;328;56;29;11;3;45;167;68;25;61;8;2
14/1/2023 16:35:18;118;45;27;12;4;33;76;47;22;46;9;3
14/1/2023 16:36:18;59;32;19;9;3;22;47;35;16;32;7;3
14/1/2023 16:37:18;243;43;23;10;4;33;216;50;20;46;7;3
14/1/2023 16:38:18;74;41;24;10;3;30;59;44;20;43;8;3
14/1/2023 16:39:18;185;53;28;12;3;41;210;61;24;56;9;3
14/1/2023 16:40:18;390;42;21;9;3;32;183;56;18;47;7;2
14/1/2023 16:41:18;61;44;26;11;3;33;53;45;22;45;8;2
14/1/2023 16:42:18;55;42;27;11;3;30;47;40;22;41;8;2
14/1/2023 16:43:18;173;43;26;11;3;32;86;44;21;43;8;2
14/1/2023 16:44:18;280;65;33;12;3;53;161;77;28;72;9;2
14/1/2023 16:45:18;1392;238;138;52;6;185;1033;271;114;243;39;4
14/1/2023 16:46:18;223;68;36;13;2;54;146;83;31;73;10;2
14/1/2023 16:47:18;103;52;28;12;5;39;78;57;24;56;9;4
14/1/2023 16:48:18;130;39;24;12;6;26;127;42;19;40;9;4
14/1/2023 16:49:18;210;29;21;14;11;14;92;30;17;26;11;9
14/1/2023 16:50:18;51;27;17;10;6;17;39;28;14;27;8;5
14/1/2023 16:51:18;45;25;14;7;3;17;36;27;12;25;5;2
14/1/2023 16:52:18;91;26;17;8;2;18;52;27;14;26;6;2
14/1/2023 16:53:18;148;30;18;8;2;22;81;35;15;30;6;2
14/1/2023 16:54:18;29;26;17;8;2;18;26;24;14;25;6;2
14/1/2023 16:55:18;56;32;19;8;3;23;45;35;16;32;6;2
14/1/2023 16:56:18;210;55;26;10;3;45;225;66;23;63;8;2
14/1/2023 16:57:18;109;63;32;12;3;50;142;73;28;69;9;2
14/1/2023 16:58:18;185;53;29;11;3;41;114;61;24;57;9;2
14/1/2023 16:59:18;153;31;18;8;2;23;73;34;15;32;6;2
14/1/2023 17:00:18;91;30;16;7;3;23;55;31;14;31;5;2
14/1/2023 17:01:18;58;24;15;7;3;16;38;24;12;23;5;2
14/1/2023 17:02:18;28;20;13;6;2;13;23;20;11;20;5;2
14/1/2023 17:03:18;57;27;16;7;3;20;42;30;13;28;6;2
14/1/2023 17:04:18;40;32;19;10;4;22;36;32;16;32;7;3
14/1/2023 17:05:18;32;19;14;7;3;12;73;19;11;18;5;2
14/1/2023 17:06:18;53;23;14;6;2;16;38;26;11;24;5;2
14/1/2023 17:07:18;82;30;16;7;3;22;55;34;14;32;5;2
14/1/2023 17:08:18;35;24;15;7;3;17;31;26;12;25;5;2
14/1/2023 17:09:18;186;32;18;8;3;23;88;36;15;34;6;2
14/1/2023 17:10:18;43;27;17;8;3;18;35;28;14;27;6;2
14/1/2023 17:11:18;62;26;16;8;3;17;43;28;13;26;6;3
14/1/2023 17:12:18;185;35;21;9;3;25;88;37;17;36;7;2
14/1/2023 17:13:18;103;34;21;9;3;25;63;36;17;34;7;2
14/1/2023 17:14:18;52;27;16;8;2;19;40;29;14;27;6;2
14/1/2023 17:15:18;53;28;17;7;2;20;42;32;14;28;6;2
14/1/2023 17:16:18;28;19;13;6;2;12;23;19;11;17;5;2
14/1/2023 17:17:18;46;25;17;8;3;17;34;25;14;24;6;2
14/1/2023 17:18:18;75;20;14;7;3;12;39;19;11;18;6;3
14/1/2023 17:19:18;38;22;13;7;3;14;30;23;11;22;5;3
14/1/2023 17:20:18;30;19;12;7;3;12;24;19;10;19;5;2
14/1/2023 17:21:18;60;18;10;6;3;12;40;22;9;19;4;2
14/1/2023 17:22:18;209;25;13;7;3;18;99;30;11;27;5;2
14/1/2023 17:23:18;94;28;18;8;3;19;58;31;15;27;6;2
14/1/2023 17:24:18;39;25;14;7;3;17;33;27;12;26;5;2
14/1/2023 17:25:18;47;32;17;8;3;24;41;34;14;34;6;2
14/1/2023 17:26:18;75;32;18;8;3;23;102;36;15;35;6;2
14/1/2023 17:27:18;29;26;18;9;3;16;25;24;14;24;7;2
14/1/2023 17:28:18;73;30;19;9;3;21;49;32;15;30;6;2
14/1/2023 17:29:18;51;28;18;9;3;19;87;29;15;27;7;2
14/1/2023 17:30:18;53;27;17;7;3;20;41;30;14;28;6;2
14/1/2023 17:31:18;86;26;15;7;3;18;50;27;13;26;5;2
14/1/2023 17:32:18;55;22;13;7;3;14;36;23;11;23;5;2
14/1/2023 17:33:18;33;28;18;8;3;19;29;27;14;28;6;2
14/1/2023 17:34:18;27;21;14;7;3;14;24;21;11;21;5;2
14/1/2023 17:35:18;30;23;15;8;3;14;25;22;12;22;6;2
14/1/2023 17:36:18;48;26;15;7;3;18;85;27;12;27;5;2
14/1/2023 17:37:18;51;29;19;9;3;19;40;30;16;28;7;2
14/1/2023 17:38:18;32;24;15;7;3;16;76;24;12;23;6;2
14/1/2023 17:39:18;214;26;16;8;3;17;91;28;13;26;6;3
14/1/2023 17:40:18;75;31;17;8;3;22;52;33;14;32;6;2
14/1/2023 17:41:18;67;28;18;9;3;19;45;29;15;27;7;2
14/1/2023 17:42:18;94;37;19;9;3;28;72;48;16;41;7;2
14/1/2023 17:43:18;81;45;29;16;8;29;61;46;23;44;12;6
14/1/2023 17:44:18;40;26;16;7;3;19;131;28;13;27;6;2
14/1/2023 17:45:18;54;28;18;8;3;20;41;30;15;28;6;2
14/1/2023 17:46:18;41;31;20;9;3;22;36;31;16;31;7;2
14/1/2023 17:47:18;45;23;13;7;3;16;36;27;11;25;5;2
14/1/2023 17:48:18;34;30;18;9;3;21;31;29;15;30;6;2
14/1/2023 17:49:18;44;29;17;8;4;20;37;31;15;31;6;3
14/1/2023 17:50:18;47;27;18;9;3;18;134;29;14;26;6;2
14/1/2023 17:51:18;102;35;21;10;3;24;66;38;17;35;8;3
14/1/2023 17:52:18;43;24;15;7;3;16;33;25;13;24;6;2
14/1/2023 17:53:18;41;29;16;8;3;20;36;30;13;30;6;2
14/1/2023 17:54:18;56;26;15;7;3;18;43;30;13;27;5;2
14/1/2023 17:55:18;47;22;12;6;2;15;35;24;10;23;4;2
14/1/2023 17:56:18;29;22;13;6;2;15;26;23;11;22;5;2
14/1/2023 17:57:18;38;19;11;5;2;13;127;22;9;20;4;2
14/1/2023 17:58:18;22;17;10;5;2;11;20;17;8;17;4;2
14/1/2023 17:59:18;82;37;22;11;5;25;154;39;18;37;9;4
14/1/2023 18:00:18;55;33;20;9;2;24;43;34;17;34;6;2
14/1/2023 18:01:18;55;26;14;7;3;19;42;29;12;28;5;2
14/1/2023 18:02:18;50;19;11;6;3;13;35;21;10;19;4;2
14/1/2023 18:03:18;98;28;15;7;3;20;60;32;13;30;5;2
14/1/2023 18:04:18;144;29;16;7;3;22;68;32;13;32;5;2
14/1/2023 18:05:18;73;21;13;6;2;15;41;21;11;22;5;2
14/1/2023 18:06:18;42;22;13;6;2;16;33;24;11;23;5;2
14/1/2023 18:07:18;50;28;14;6;2;21;39;30;12;30;5;2
14/1/2023 18:08:18;83;23;13;6;2;17;48;25;11;25;4;2
14/1/2023 18:09:18;78;22;12;6;2;15;52;28;10;23;4;2
14/1/2023 18:10:18;71;35;20;8;3;26;52;37;17;36;6;2
14/1/2023 18:11:18;221;43;21;9;3;34;158;49;18;47;7;2
14/1/2023 18:12:18;56;39;23;10;3;28;47;40;19;39;8;2
14/1/2023 18:13:18;77;37;20;8;3;29;60;42;17;41;6;2
14/1/2023 18:14:18;59;28;18;8;3;19;40;28;15;28;6;2
14/1/2023 18:15:18;57;27;15;7;3;20;45;32;13;30;5;2
14/1/2023 18:16:18;45;27;17;8;3;19;37;29;14;27;6;2
14/1/2023 18:17:18;154;31;17;7;3;24;85;37;14;34;5;2
14/1/2023 18:18:18;67;27;14;7;3;19;46;30;12;29;5;2
14/1/2023 18:19:18;48;20;13;6;2;14;34;22;11;20;5;2
14/1/2023 18:20:18;130;23;14;6;3;16;69;28;11;24;5;2
14/1/2023 18:21:18;62;21;12;6;2;15;44;26;10;23;4;2
14/1/2023 18:22:18;27;22;14;7;3;15;24;22;11;22;5;2
14/1/2023 18:23:18;34;28;16;7;3;20;31;28;14;29;6;2
14/1/2023 18:24:18;35;20;14;7;3;13;27;21;11;20;5;2
14/1/2023 18:25:18;31;25;15;7;3;17;28;25;12;25;5;2
14/1/2023 18:26:18;38;23;15;7;3;16;31;24;12;23;5;2
14/1/2023 18:27:18;207;22;13;6;3;15;87;25;11;23;5;2
14/1/2023 18:28:18;38;22;12;7;3;15;30;23;10;22;5;2
14/1/2023 18:29:18;24;22;14;7;2;15;23;22;12;22;5;2
14/1/2023 18:30:18;23;19;12;6;3;12;20;18;10;18;5;2
14/1/2023 18:31:18;103;28;16;7;3;20;61;31;13;29;6;2
14/1/2023 18:32:18;112;23;13;7;3;15;59;25;11;23;5;2
14/1/2023 18:33:18;31;26;15;8;3;17;28;26;12;27;6;2
14/1/2023 18:34:18;120;34;20;9;3;25;72;38;16;36;7;2
14/1/2023 18:35:18;50;27;16;8;3;19;38;28;13;27;6;2
14/1/2023 18:36:18;138;28;16;7;3;21;64;30;14;30;5;2
14/1/2023 18:37:18;81;38;22;9;3;28;59;41;19;39;7;2
14/1/2023 18:38:18;121;35;19;8;3;26;72;38;16;38;6;3
14/1/2023 18:39:18;102;34;19;9;4;24;63;37;16;35;7;3
14/1/2023 18:40:18;306;41;18;8;3;33;200;56;15;48;6;3
14/1/2023 18:41:18;43;26;14;7;3;19;36;29;12;28;5;2
14/1/2023 18:42:18;47;30;18;8;3;21;39;32;15;31;6;2
14/1/2023 18:43:18;111;24;13;6;3;18;112;29;11;27;5;2
14/1/2023 18:44:18;33;21;13;7;3;14;28;23;11;22;5;2
14/1/2023 18:45:18;99;24;14;7;3;17;111;31;12;25;5;2
14/1/2023 18:46:18;71;22;15;8;4;14;43;23;12;21;6;3
14/1/2023 18:47:18;62;24;13;7;3;17;42;26;11;25;5;2
14/1/2023 18:48:18;59;25;15;7;3;18;40;27;12;27;6;2
14/1/2023 18:49:18;125;28;15;7;3;21;70;32;13;30;5;2
14/1/2023 18:50:18;147;26;17;8;3;17;66;28;14;25;6;2
14/1/2023 18:51:18;59;33;20;9;3;23;45;34;16;33;7;2
14/1/2023 18:52:18;33;23;14;7;3;16;28;24;12;23;5;2
14/1/2023 18:53:18;137;28;17;8;2;20;74;32;14;29;6;2
14/1/2023 18:54:18;87;25;16;9;4;16;50;27;13;25;7;3
14/1/2023 18:55:18;178;66;52;42;36;24;104;62;42;62;33;29
14/1/2023 18:56:18;51;41;28;20;16;20;45;40;24;40;16;13
14/1/2023 18:57:18;66;29;18;9;4;20;48;32;15;29;7;3
14/1/2023 18:58:18;147;28;15;7;3;20;80;34;12;29;5;2
14/1/2023 18:59:18;288;48;26;12;5;36;143;58;23;52;9;4
14/1/2023 19:00:18;70;34;18;8;3;25;54;39;15;36;6;2
14/1/2023 19:01:18;27;24;13;6;3;17;27;25;12;25;5;2
14/1/2023 19:02:18;91;26;15;8;3;18;54;29;13;28;6;2
14/1/2023 19:03:18;31;23;13;6;3;16;76;24;11;24;5;2
14/1/2023 19:04:18;48;25;15;7;3;17;38;28;12;25;5;2
14/1/2023 19:05:18;37;27;16;7;3;20;33;28;13;29;5;2
14/1/2023 19:06:18;57;26;16;8;3;18;38;25;13;26;6;2
14/1/2023 19:07:18;78;35;21;9;4;25;54;36;17;35;7;3
14/1/2023 19:08:18;126;35;21;11;6;23;75;39;17;36;9;5
14/1/2023 19:09:18;48;32;18;9;4;22;40;33;15;33;7;3
14/1/2023 19:10:18;73;34;21;10;4;24;54;37;17;35;8;3
14/1/2023 19:11:18;73;25;14;7;3;17;97;29;12;27;6;3
14/1/2023 19:12:18;65;26;16;7;3;18;44;28;13;26;6;3
14/1/2023 19:13:18;53;16;11;6;3;9;32;17;9;15;5;2
14/1/2023 19:14:18;37;26;14;7;3;18;129;27;12;27;5;2
14/1/2023 19:15:18;52;31;18;9;3;21;42;33;15;32;7;3
14/1/2023 19:16:18;43;32;21;10;4;21;37;32;17;31;8;3
14/1/2023 19:17:18;48;32;18;8;3;23;90;34;15;33;6;2
14/1/2023 19:18:18;35;23;14;7;3;16;30;25;12;24;5;2
14/1/2023 19:19:18;117;23;13;7;3;16;65;28;11;24;5;2
14/1/2023 19:20:18;40;23;14;7;3;15;32;24;12;23;5;2
14/1/2023 19:21:18;36;18;13;7;3;11;75;20;10;17;5;2
14/1/2023 19:22:18;31;19;11;6;3;13;26;21;9;20;4;2
14/1/2023 19:23:18;46;24;15;7;3;17;35;25;12;25;5;2
14/1/2023 19:24:18;136;26;14;7;3;18;62;28;12;28;5;2
14/1/2023 19:25:18;30;23;14;7;3;16;27;24;11;24;5;2
14/1/2023 19:26:18;32;27;16;8;3;18;30;27;13;28;6;3
14/1/2023 19:27:18;93;23;14;7;3;16;52;25;11;24;5;2
14/1/2023 19:28:18;34;23;15;8;4;15;28;23;12;23;6;3
14/1/2023 19:29:18;42;28;18;9;4;18;35;29;14;28;7;3
14/1/2023 19:30:18;35;24;16;8;4;15;30;25;13;24;6;3
14/1/2023 19:31:18;89;32;20;10;4;22;58;35;16;32;7;3
14/1/2023 19:32:18;55;33;20;10;4;22;45;35;17;33;8;3
14/1/2023 19:33:18;65;27;16;8;4;19;45;30;13;29;6;3
14/1/2023 19:34:18;43;30;18;9;4;21;38;32;15;31;7;3
14/1/2023 19:35:18;175;30;18;10;5;20;90;34;15;31;8;4
14/1/2023 19:36:18;45;23;14;8;4;15;36;27;12;24;6;3
14/1/2023 19:37:18;96;27;16;8;4;19;60;31;13;28;6;3
14/1/2023 19:38:18;48;26;16;9;5;17;37;27;14;26;7;4
14/1/2023 19:39:18;72;27;16;9;5;18;51;32;14;29;7;4
14/1/2023 19:40:18;50;28;18;10;4;18;40;30;15;29;7;3
14/1/2023 19:41:18;88;30;17;9;4;21;59;36;14;33;7;3
14/1/2023 19:42:18;204;28;17;9;4;19;90;32;15;29;7;3
14/1/2023 19:43:18;57;28;19;10;4;17;40;28;15;26;8;4
14/1/2023 19:44:18;91;37;21;12;8;24;64;42;18;39;10;6
14/1/2023 19:45:18;125;53;30;18;11;35;91;61;26;58;14;9
14/1/2023 19:46:18;174;63;38;19;9;44;113;68;31;65;14;7
14/1/2023 19:47:18;108;67;39;20;10;46;90;72;33;70;15;8
14/1/2023 19:48:18;133;92;63;40;23;51;111;93;51;89;31;18
14/1/2023 19:49:18;265;75;49;31;19;43;143;77;41;75;24;15
14/1/2023 19:50:18;177;83;47;25;13;58;132;92;39;88;19;11
14/1/2023 19:51:18;120;80;50;29;17;51;101;83;42;81;23;14
14/1/2023 19:52:18;166;80;50;31;19;48;123;86;42;81;24;15
14/1/2023 19:53:18;200;61;42;26;17;35;108;62;34;60;21;13
14/1/2023 19:54:18;171;51;33;19;12;31;99;52;27;51;15;9
14/1/2023 19:55:18;153;58;35;19;11;39;100;61;29;60;14;8
14/1/2023 19:56:18;154;69;48;33;20;36;109;74;39;68;25;15
14/1/2023 19:57:18;118;73;50;36;26;37;91;71;41;71;28;20
14/1/2023 19:58:18;76;52;34;21;13;30;61;51;28;51;16;10
14/1/2023 19:59:18;81;50;26;13;7;36;69;55;23;54;10;5
14/1/2023 20:00:18;121;43;28;17;11;25;77;46;23;44;13;9
14/1/2023 20:01:18;179;56;35;20;12;35;97;57;29;56;16;10
14/1/2023 20:02:18;184;52;34;22;15;30;106;55;28;52;17;12
14/1/2023 20:03:18;108;66;43;28;20;37;137;71;36;67;22;16
14/1/2023 20:04:18;60;51;33;20;13;31;54;50;27;51;16;10
14/1/2023 20:05:18;82;48;32;17;10;30;64;49;26;48;13;8
14/1/2023 20:06:18;127;45;24;12;6;32;88;54;21;49;9;5
14/1/2023 20:07:18;183;44;26;12;6;31;94;48;21;46;9;5
14/1/2023 20:08:18;185;39;24;12;6;26;92;44;20;40;9;5
14/1/2023 20:09:18;51;36;23;12;6;24;43;37;19;36;9;5
14/1/2023 20:10:18;181;35;22;11;6;23;88;39;18;36;9;4
14/1/2023 20:11:18;56;42;24;12;6;29;50;43;20;44;9;5
14/1/2023 20:12:18;90;43;26;14;7;28;65;45;22;43;11;5
14/1/2023 20:13:18;98;45;25;13;7;31;73;50;21;48;10;6
14/1/2023 20:14:18;121;40;25;13;7;26;122;42;20;40;10;6
14/1/2023 20:15:18;107;46;27;14;8;31;124;51;23;49;11;6
14/1/2023 20:16:18;47;35;24;13;7;21;39;33;20;33;10;5
14/1/2023 20:17:18;79;39;24;13;7;26;61;44;20;41;10;5
14/1/2023 20:18:18;175;43;25;13;6;30;89;46;21;45;10;5
14/1/2023 20:19:18;70;42;25;13;7;28;106;45;21;43;10;5
14/1/2023 20:20:18;85;44;26;14;7;29;116;50;22;46;11;6
14/1/2023 20:21:18;129;44;24;12;6;31;85;51;21;48;9;5
14/1/2023 20:22:18;75;36;24;12;6;24;52;36;20;35;9;5
14/1/2023 20:23:18;114;45;24;11;5;33;82;53;21;49;9;4
14/1/2023 20:24:18;168;48;25;13;6;35;106;58;22;53;10;5
14/1/2023 20:25:18;90;53;30;15;7;38;76;60;25;57;11;6
14/1/2023 20:26:18;81;42;25;13;7;28;63;46;21;44;10;6
14/1/2023 20:27:18;50;38;24;13;7;24;43;37;20;38;10;5
14/1/2023 20:28:18;91;45;26;13;6;32;68;49;22;48;10;5
14/1/2023 20:29:18;81;46;26;13;6;32;67;52;22;49;10;5
14/1/2023 20:30:18;66;53;32;15;6;37;60;53;27;54;12;5
14/1/2023 20:31:18;77;48;29;15;8;32;64;51;24;50;12;7
14/1/2023 20:32:18;84;42;25;13;6;28;209;45;21;43;10;5
14/1/2023 20:33:18;66;52;32;15;6;36;59;52;26;53;12;5
14/1/2023 20:34:18;88;49;28;14;6;34;70;53;24;51;11;5
14/1/2023 20:35:18;91;45;27;14;6;31;69;49;22;46;10;5
14/1/2023 20:36:18;62;44;27;14;7;29;54;45;23;45;11;5
14/1/2023 20:37:18;124;55;32;17;9;38;140;63;27;58;13;7
14/1/2023 20:38:18;67;48;31;17;9;31;57;48;26;48;13;7
14/1/2023 20:39:18;72;51;30;16;8;35;62;53;25;52;12;6
14/1/2023 20:40:18;91;41;27;14;6;26;62;41;22;40;11;5
14/1/2023 20:41:18;53;37;24;13;8;23;45;38;20;37;10;6
14/1/2023 20:42:18;58;45;29;16;10;28;51;45;24;45;13;8
14/1/2023 20:43:18;78;42;27;16;9;26;61;46;23;43;12;7
14/1/2023 20:44:18;93;45;28;15;8;29;67;47;24;46;12;6
14/1/2023 20:45:18;61;41;26;14;6;27;50;41;22;41;10;5
14/1/2023 20:46:18;100;51;30;14;6;36;79;57;25;53;11;5
14/1/2023 20:47:18;60;42;26;13;6;29;52;44;21;43;10;5
14/1/2023 20:48:18;49;39;26;13;5;26;43;39;21;39;10;4
14/1/2023 20:49:18;61;40;24;12;6;27;52;42;20;41;10;4
14/1/2023 20:50:18;49;42;25;12;6;29;46;42;21;43;10;4
14/1/2023 20:51:18;57;40;25;12;6;27;49;41;21;40;10;5
14/1/2023 20:52:18;70;47;28;14;7;33;61;50;24;50;11;6
14/1/2023 20:53:18;81;45;27;13;6;32;64;49;23;46;10;5
14/1/2023 20:54:18;82;46;25;13;6;33;67;52;22;51;10;5
14/1/2023 20:55:18;79;49;27;13;6;36;67;53;23;52;10;5
14/1/2023 20:56:18;101;48;28;13;6;34;75;52;23;49;10;4
14/1/2023 20:57:18;63;47;30;15;7;31;55;47;25;47;12;5
14/1/2023 20:58:18;118;60;35;17;8;42;88;63;29;62;13;6
14/1/2023 20:59:18;101;56;33;16;8;40;80;61;28;58;12;6
14/1/2023 21:00:18;127;54;32;15;7;39;92;61;27;56;11;5
14/1/2023 21:01:18;190;59;35;19;10;40;106;63;30;61;15;8
14/1/2023 21:02:18;103;62;40;22;13;39;80;62;33;61;17;10
14/1/2023 21:03:18;89;64;41;24;16;39;77;65;34;65;19;13
14/1/2023 21:04:18;116;80;52;35;26;44;99;82;43;81;28;21
14/1/2023 21:05:18;189;93;67;50;40;43;132;94;56;90;39;32
14/1/2023 21:06:18;207;63;37;22;15;41;118;69;32;68;18;12
14/1/2023 21:07:18;152;58;33;16;8;42;106;67;28;62;13;6
14/1/2023 21:08:18;76;60;37;19;8;40;117;60;31;61;15;7
14/1/2023 21:09:18;157;58;34;17;8;40;106;66;29;61;13;7
14/1/2023 21:10:18;70;46;30;16;9;30;58;47;25;46;12;7
14/1/2023 21:11:18;108;53;32;18;10;34;82;58;27;54;14;8
14/1/2023 21:12:18;88;56;37;23;14;32;121;58;31;56;18;11
14/1/2023 21:13:18;108;54;36;22;13;31;72;51;30;52;17;10
14/1/2023 21:14:18;76;48;30;17;10;31;65;52;25;51;13;8
14/1/2023 21:15:18;65;45;32;19;12;26;54;45;26;43;15;10
14/1/2023 21:16:18;173;57;36;20;11;37;95;58;30;58;15;9
14/1/2023 21:17:18;138;58;37;20;11;37;91;60;31;59;16;9
14/1/2023 21:18:18;104;53;32;18;11;34;130;59;27;55;14;9
14/1/2023 21:19:18;81;60;38;24;16;35;71;61;31;61;19;12
14/1/2023 21:20:18;97;65;41;24;15;40;83;68;35;67;19;12
14/1/2023 21:21:18;75;51;32;17;10;33;63;52;26;52;14;8
14/1/2023 21:22:18;59;52;32;16;8;36;56;52;27;53;12;6
14/1/2023 21:23:18;150;52;28;15;8;37;149;60;24;56;11;6
14/1/2023 21:24:18;80;55;33;16;8;39;70;59;27;57;12;6
14/1/2023 21:25:18;100;56;34;17;9;38;77;58;29;58;13;7
14/1/2023 21:26:18;152;65;35;18;9;46;112;75;30;72;14;8
14/1/2023 21:27:18;133;53;35;19;10;34;87;56;29;53;15;8
14/1/2023 21:28:18;73;52;30;17;10;35;66;56;26;55;13;8
14/1/2023 21:29:18;80;55;35;21;12;33;68;56;29;55;16;10
14/1/2023 21:30:18;189;54;33;19;11;35;102;57;28;55;15;9
14/1/2023 21:31:18;123;60;37;21;11;39;93;66;31;61;16;9
14/1/2023 21:32:18;144;65;42;22;12;43;102;70;35;65;17;9
14/1/2023 21:33:18;87;68;44;25;14;43;77;68;36;68;20;12
14/1/2023 21:34:18;106;68;43;25;16;42;88;72;36;68;20;13
14/1/2023 21:35:18;134;69;38;21;12;48;103;75;32;74;16;10
14/1/2023 21:36:18;114;64;41;22;12;42;89;67;34;64;17;10
14/1/2023 21:37:18;109;66;43;26;16;40;85;67;36;67;20;13
14/1/2023 21:38:18;199;75;46;25;15;49;131;81;39;77;20;12
14/1/2023 21:39:18;82;70;45;28;19;41;75;69;37;71;22;15
14/1/2023 21:40:18;153;62;43;26;16;35;143;60;35;59;21;13
14/1/2023 21:41:18;120;64;39;23;15;40;140;68;33;66;18;12
14/1/2023 21:42:18;150;64;41;24;15;40;101;67;34;64;19;12
14/1/2023 21:43:18;141;67;41;23;13;43;98;69;34;68;18;10
14/1/2023 21:44:18;91;61;41;24;14;37;76;63;34;60;19;11
14/1/2023 21:45:18;83;60;40;22;13;37;70;59;33;59;17;10
14/1/2023 21:46:18;150;73;48;30;20;43;110;78;40;73;23;16
14/1/2023 21:47:18;126;96;65;43;30;52;110;96;54;96;34;24
14/1/2023 21:48:18;221;124;87;59;42;64;161;122;72;119;46;34
14/1/2023 21:49:18;177;121;86;60;45;60;144;119;71;117;48;36
14/1/2023 21:50:18;235;148;102;69;52;79;189;150;84;146;55;42
14/1/2023 21:51:18;203;154;106;70;51;84;173;151;87;152;55;41
14/1/2023 21:52:18;295;150;100;68;52;81;214;155;84;150;54;42
14/1/2023 21:53:18;301;152;100;67;51;85;271;160;84;154;53;41
14/1/2023 21:54:18;336;149;101;68;52;80;221;153;84;149;54;42
14/1/2023 21:55:18;181;144;100;67;48;77;158;141;82;141;53;39
14/1/2023 21:56:18;177;135;91;60;44;75;155;135;76;135;47;35
14/1/2023 21:57:18;186;112;79;52;37;60;143;111;65;109;41;30
14/1/2023 21:58:18;168;107;69;43;30;63;137;110;58;109;34;24
14/1/2023 21:59:18;144;98;62;38;26;59;121;100;52;101;30;21
14/1/2023 22:00:18;156;81;51;29;18;52;118;86;42;82;23;15
14/1/2023 22:01:18;132;75;45;24;13;51;104;80;38;78;19;11
14/1/2023 22:02:18;129;71;41;21;10;50;101;76;35;75;16;8
14/1/2023 22:03:18;165;65;38;19;9;45;110;69;32;67;15;7
14/1/2023 22:04:18;114;65;37;18;9;46;92;71;31;68;14;7
14/1/2023 22:05:18;169;61;36;17;8;43;115;69;30;63;13;7
14/1/2023 22:06:18;100;58;35;16;8;42;82;64;29;60;13;6
14/1/2023 22:07:18;122;70;38;18;8;51;99;76;32;74;14;6
14/1/2023 22:08:18;142;64;37;19;10;44;105;72;32;68;15;8
14/1/2023 22:09:18;111;71;41;21;11;49;95;77;34;74;16;9
14/1/2023 22:10:18;107;74;46;23;12;50;90;75;38;74;18;10
14/1/2023 22:11:18;209;75;44;21;9;54;142;87;37;78;16;7
14/1/2023 22:12:18;185;78;45;21;9;56;129;86;38;82;16;7
14/1/2023 22:13:18;141;74;42;20;9;53;109;81;36;79;16;7
14/1/2023 22:14:18;104;62;31;15;7;47;92;73;28;71;11;6
14/1/2023 22:15:18;115;58;35;16;6;42;88;63;29;60;12;5
14/1/2023 22:16:18;98;51;31;15;7;36;77;57;26;54;11;5
14/1/2023 22:17:18;102;61;34;16;7;45;84;66;28;65;12;5
14/1/2023 22:18:18;169;56;34;16;7;39;110;64;28;56;13;6
14/1/2023 22:19:18;89;54;31;15;7;39;75;60;26;58;12;6
14/1/2023 22:20:18;102;50;27;14;8;35;81;58;23;53;11;6
14/1/2023 22:21:18;103;56;32;15;7;40;133;64;27;60;12;5
14/1/2023 22:22:18;90;43;25;13;8;29;69;49;21;45;10;6
14/1/2023 22:23:18;181;51;29;14;7;36;161;60;25;55;11;6
14/1/2023 22:24:18;63;48;28;15;8;33;57;50;24;50;11;6
14/1/2023 22:25:18;67;45;29;18;11;27;56;46;24;45;14;9
14/1/2023 22:26:18;64;40;25;14;8;26;52;41;21;41;11;6
14/1/2023 22:27:18;62;42;25;14;8;28;53;45;21;44;11;6
14/1/2023 22:28:18;74;38;23;12;7;25;54;39;19;40;10;5
14/1/2023 22:29:18;68;48;30;18;11;29;59;50;25;50;14;9
14/1/2023 22:30:18;58;47;30;19;12;28;51;46;25;47;15;9
14/1/2023 22:31:18;64;43;29;18;11;24;53;43;24;42;14;9
14/1/2023 22:32:18;49;43;27;17;10;26;46;43;22;44;13;8
14/1/2023 22:33:18;60;46;28;17;10;28;53;47;23;47;13;8
14/1/2023 22:34:18;81;44;29;18;12;25;63;47;24;44;14;9
14/1/2023 22:35:18;146;47;30;19;12;28;89;50;25;48;15;10
14/1/2023 22:36:18;80;46;31;20;13;26;111;48;25;45;16;11
14/1/2023 22:37:18;85;39;26;16;10;22;61;41;22;38;13;8
14/1/2023 22:38:18;87;42;28;17;11;24;62;43;23;42;13;9
14/1/2023 22:39:18;127;47;29;18;12;28;82;51;24;49;14;10
14/1/2023 22:40:18;81;49;33;20;13;28;63;49;27;48;16;10
14/1/2023 22:41:18;51;40;25;14;8;25;45;39;21;40;11;6
14/1/2023 22:42:18;137;46;28;17;11;29;87;51;24;48;13;8
14/1/2023 22:43:18;54;41;26;15;8;26;47;42;22;42;11;7
14/1/2023 22:44:18;55;44;26;15;9;28;50;44;22;45;12;7
14/1/2023 22:45:18;52;40;25;15;10;24;46;40;21;40;12;8
14/1/2023 22:46:18;57;48;32;19;12;29;51;47;26;47;14;9
14/1/2023 22:47:18;60;46;26;15;10;30;55;48;22;49;12;8
14/1/2023 22:48:18;63;44;27;15;8;29;54;46;23;46;11;6
14/1/2023 22:49:18;71;46;28;15;8;31;60;50;24;48;12;6
14/1/2023 22:50:18;68;46;28;14;7;31;57;47;24;47;11;6
14/1/2023 22:51:18;82;41;25;13;6;28;64;47;21;43;10;5
14/1/2023 22:52:18;57;41;22;11;6;29;52;45;19;45;9;5
14/1/2023 22:53:18;64;42;26;13;6;28;54;45;21;43;10;5
14/1/2023 22:54:18;73;36;21;11;6;25;57;41;18;38;8;5
14/1/2023 22:55:18;61;37;22;12;6;25;50;39;19;38;9;5
14/1/2023 22:56:18;72;41;26;13;6;28;57;44;22;42;10;5
14/1/2023 22:57:18;185;44;25;13;6;31;94;47;22;47;10;5
14/1/2023 22:58:18;95;46;24;12;6;34;75;54;21;51;9;5
14/1/2023 22:59:18;74;50;27;13;6;37;65;54;22;54;10;5
14/1/2023 23:00:18;83;48;25;12;6;36;72;56;22;54;9;5
14/1/2023 23:01:18;57;47;27;13;6;34;53;48;23;50;10;5
14/1/2023 23:02:18;72;48;28;14;6;34;63;53;24;51;11;5
14/1/2023 23:03:18;116;55;30;14;6;40;89;63;26;60;11;5
14/1/2023 23:04:18;80;63;36;17;7;45;74;65;30;66;13;6
14/1/2023 23:05:18;85;59;36;17;7;42;73;61;30;60;13;6
14/1/2023 23:06:18;58;51;33;16;8;34;53;49;27;50;13;6
14/1/2023 23:07:18;139;62;34;17;8;44;101;69;29;66;13;6
14/1/2023 23:08:18;187;58;32;16;8;41;118;66;27;62;12;6
14/1/2023 23:09:18;158;59;32;16;8;43;155;67;27;64;12;6
14/1/2023 23:10:18;60;51;30;15;9;35;57;52;25;53;12;7
14/1/2023 23:11:18;58;45;28;15;8;30;53;46;24;46;12;7
14/1/2023 23:12:18;65;49;28;14;8;34;60;53;24;53;11;6
14/1/2023 23:13:18;90;48;28;15;7;33;119;53;24;49;11;6
14/1/2023 23:14:18;59;47;26;13;7;33;55;49;22;50;10;5
14/1/2023 23:15:18;112;50;28;13;7;37;83;57;24;53;10;5
14/1/2023 23:16:18;85;52;30;15;7;37;73;58;25;56;11;5
14/1/2023 23:17:18;70;52;28;13;6;39;64;56;24;56;10;5
14/1/2023 23:18:18;91;51;28;14;6;36;73;55;24;54;11;5
14/1/2023 23:19:18;61;47;26;13;6;34;56;49;22;50;10;5
14/1/2023 23:20:18;79;53;28;14;6;39;70;58;24;58;11;5
14/1/2023 23:21:18;107;53;28;13;6;39;133;61;24;58;10;5
14/1/2023 23:22:18;101;46;27;13;6;32;73;50;23;48;10;5
14/1/2023 23:23:18;70;47;28;14;7;32;59;49;24;48;11;5
14/1/2023 23:24:18;60;44;24;12;7;31;55;47;21;47;10;5
14/1/2023 23:25:18;130;51;30;15;7;35;87;55;25;53;12;6
14/1/2023 23:26:18;82;46;26;14;7;32;67;51;22;49;10;6
14/1/2023 23:27:18;112;46;28;15;7;31;78;50;24;47;11;6
14/1/2023 23:28:18;78;43;25;13;7;30;64;49;22;47;10;6
14/1/2023 23:29:18;69;45;28;15;8;30;57;47;23;45;12;6
14/1/2023 23:30:18;68;44;28;16;9;28;54;44;23;44;12;7
14/1/2023 23:31:18;71;50;31;17;9;33;62;53;26;52;13;7
14/1/2023 23:32:18;141;51;28;15;9;36;95;59;24;55;12;7
14/1/2023 23:33:18;101;49;28;15;8;34;78;56;23;53;12;7
14/1/2023 23:34:18;88;49;31;15;8;33;117;52;26;49;12;6
14/1/2023 23:35:18;67;53;32;18;11;34;61;54;27;55;14;9
14/1/2023 23:36:18;85;56;33;20;15;35;73;60;28;59;16;12
14/1/2023 23:37:18;81;55;33;19;12;36;71;59;28;58;15;9
14/1/2023 23:38:18;93;49;28;14;8;35;75;57;23;52;11;7
14/1/2023 23:39:18;79;46;27;14;7;32;113;50;23;48;11;6
