,id,fecha,hora,id_sensor,version,letra,pm_25,pm_1,pm_10,delta_t,lon,lat,cal,comentario,GMT,time_cl
82431,62,01-07-2022,1656716081,F01,plaza,C,151,93,163,5341,,,sesion,,2022-07-01 22:54:40,2022-07-01 18:54:40
82432,63,01-07-2022,1656716086,F01,plaza,C,152,94,164,5348,-72.06869499999998,-45.570584999999994,calibracion,,2022-07-01 22:54:50,2022-07-01 18:54:50
82433,64,01-07-2022,1656716092,F01,plaza,C,152,94,165,5347,-72.06869499999998,-45.570584999999994,calibracion,,2022-07-01 22:54:50,2022-07-01 18:54:50
82434,65,01-07-2022,1656716097,F01,plaza,C,156,95,171,5348,-72.06869499999998,-45.570584999999994,calibracion,,2022-07-01 22:55:00,2022-07-01 18:55:00
82435,66,01-07-2022,1656716103,F01,plaza,C,151,92,165,5348,-72.06869499999998,-45.570584999999994,calibracion,,2022-07-01 22:55:00,2022-07-01 18:55:00
82436,67,01-07-2022,1656716108,F01,plaza,C,149,92,159,5347,-72.06869499999998,-45.570584999999994,calibracion,,2022-07-01 22:55:10,2022-07-01 18:55:10
82437,68,01-07-2022,1656716113,F01,plaza,C,152,92,166,5348,-72.06869499999998,-45.570584999999994,calibracion,,2022-07-01 22:55:10,2022-07-01 18:55:10
82438,69,01-07-2022,1656716119,F01,plaza,C,154,92,168,5347,-72.06869499999998,-45.570584999999994,calibracion,,2022-07-01 22:55:20,2022-07-01 18:55:20
82439,70,01-07-2022,1656716124,F01,plaza,C,156,90,169,5347,-72.06869499999998,-45.570584999999994,calibracion,,2022-07-01 22:55:20,2022-07-01 18:55:20
82440,71,01-07-2022,1656716129,F01,plaza,C,159,93,172,5348,-72.06869833333333,-45.57098833333333,calibracion,,2022-07-01 22:55:30,2022-07-01 18:55:30
82441,72,01-07-2022,1656716135,F01,plaza,C,157,91,171,5347,-72.06869833333333,-45.57098833333333,calibracion,,2022-07-01 22:55:40,2022-07-01 18:55:40
82442,73,01-07-2022,1656716140,F01,plaza,C,156,92,171,5348,-72.06869833333333,-45.57098833333333,calibracion,,2022-07-01 22:55:40,2022-07-01 18:55:40
82443,74,01-07-2022,1656716145,F01,plaza,C,158,90,174,5347,-72.06869833333333,-45.57098833333333,calibracion,,2022-07-01 22:55:40,2022-07-01 18:55:40
82444,75,01-07-2022,1656716151,F01,plaza,C,152,90,167,5347,-72.06869833333333,-45.57098833333333,calibracion,,2022-07-01 22:55:50,2022-07-01 18:55:50
82445,76,01-07-2022,1656716156,F01,plaza,C,148,89,160,5347,-72.06869833333333,-45.57098833333333,calibracion,,2022-07-01 22:56:00,2022-07-01 18:56:00
82446,77,01-07-2022,1656716161,F01,plaza,C,142,85,153,5347,-72.06869833333333,-45.57098833333333,calibracion,,2022-07-01 22:56:00,2022-07-01 18:56:00
82447,78,01-07-2022,1656716167,F01,plaza,C,134,80,148,5348,-72.06869833333333,-45.57098833333333,calibracion,,2022-07-01 22:56:10,2022-07-01 18:56:10
82448,79,01-07-2022,1656716172,F01,plaza,C,138,82,150,5347,-72.06869833333333,-45.57098833333333,calibracion,,2022-07-01 22:56:10,2022-07-01 18:56:10
82449,80,01-07-2022,1656716177,F01,plaza,C,141,87,152,5347,-72.06869833333333,-45.57098833333333,calibracion,,2022-07-01 22:56:20,2022-07-01 18:56:20
82450,81,01-07-2022,1656716183,F01,plaza,C,139,84,149,5347,-72.06869833333333,-45.57098833333333,calibracion,,2022-07-01 22:56:20,2022-07-01 18:56:20
82451,82,01-07-2022,1656716188,F01,plaza,C,137,83,152,5347,-72.06869833333333,-45.57098833333333,calibracion,,2022-07-01 22:56:30,2022-07-01 18:56:30
82452,83,01-07-2022,1656716193,F01,plaza,C,138,86,151,5347,-72.06869833333333,-45.57098833333333,calibracion,,2022-07-01 22:56:30,2022-07-01 18:56:30
82453,84,01-07-2022,1656716199,F01,plaza,C,136,84,146,5347,-72.06869833333333,-45.57098833333333,calibracion,,2022-07-01 22:56:40,2022-07-01 18:56:40
82454,85,01-07-2022,1656716204,F01,plaza,C,139,83,152,5347,-72.06869833333333,-45.57098833333333,calibracion,,2022-07-01 22:56:40,2022-07-01 18:56:40
82455,86,01-07-2022,1656716209,F01,plaza,C,137,81,149,5347,-72.06869833333333,-45.57098833333333,calibracion,,2022-07-01 22:56:50,2022-07-01 18:56:50
82456,87,01-07-2022,1656716215,F01,plaza,C,135,80,146,5348,-72.06869833333333,-45.57098833333333,calibracion,,2022-07-01 22:57:00,2022-07-01 18:57:00
82457,88,01-07-2022,1656716220,F01,plaza,C,133,81,141,5347,-72.06869833333333,-45.57098833333333,calibracion,,2022-07-01 22:57:00,2022-07-01 18:57:00
82458,89,01-07-2022,1656716226,F01,plaza,C,129,80,141,5348,-72.06875,-45.571146666666664,calibracion,,2022-07-01 22:57:10,2022-07-01 18:57:10
82459,90,01-07-2022,1656716231,F01,plaza,C,126,79,138,5347,-72.06875,-45.571146666666664,calibracion,,2022-07-01 22:57:10,2022-07-01 18:57:10
82460,91,01-07-2022,1656716236,F01,plaza,C,126,77,135,5347,-72.06875,-45.571146666666664,calibracion,,2022-07-01 22:57:20,2022-07-01 18:57:20
82461,92,01-07-2022,1656716242,F01,plaza,C,123,77,137,5347,-72.06875,-45.571146666666664,calibracion,,2022-07-01 22:57:20,2022-07-01 18:57:20
82462,93,01-07-2022,1656716247,F01,plaza,C,122,78,133,5348,-72.06875,-45.571146666666664,calibracion,,2022-07-01 22:57:30,2022-07-01 18:57:30
82463,94,01-07-2022,1656716252,F01,plaza,C,121,77,133,5346,-72.06875,-45.571146666666664,calibracion,,2022-07-01 22:57:30,2022-07-01 18:57:30
82464,95,01-07-2022,1656716258,F01,plaza,C,118,71,128,5347,-72.06875,-45.571146666666664,calibracion,,2022-07-01 22:57:40,2022-07-01 18:57:40
82465,96,01-07-2022,1656716263,F01,plaza,C,110,64,119,5347,-72.06875,-45.571146666666664,calibracion,,2022-07-01 22:57:40,2022-07-01 18:57:40
82466,97,01-07-2022,1656716268,F01,plaza,C,106,65,112,5347,-72.06875,-45.571146666666664,calibracion,,2022-07-01 22:57:50,2022-07-01 18:57:50
82467,98,01-07-2022,1656716274,F01,plaza,C,106,63,111,5348,-72.06893000000001,-45.57105166666667,calibracion,,2022-07-01 22:57:50,2022-07-01 18:57:50
82468,99,01-07-2022,1656716279,F01,plaza,C,98,61,105,5347,-72.06893000000001,-45.57105166666667,calibracion,,2022-07-01 22:58:00,2022-07-01 18:58:00
82469,100,01-07-2022,1656716284,F01,plaza,C,97,61,105,5347,-72.06893000000001,-45.57105166666667,calibracion,,2022-07-01 22:58:00,2022-07-01 18:58:00
82470,101,01-07-2022,1656716290,F01,plaza,C,93,60,102,5348,-72.06893000000001,-45.57105166666667,calibracion,,2022-07-01 22:58:10,2022-07-01 18:58:10
82471,102,01-07-2022,1656716295,F01,plaza,C,92,60,102,5347,-72.06893000000001,-45.57105166666667,calibracion,,2022-07-01 22:58:20,2022-07-01 18:58:20
82472,103,01-07-2022,1656716300,F01,plaza,C,92,60,102,5348,-72.06893000000001,-45.57105166666667,calibracion,,2022-07-01 22:58:20,2022-07-01 18:58:20
82473,104,01-07-2022,1656716306,F01,plaza,C,95,61,105,5348,-72.06893000000001,-45.57105166666667,calibracion,,2022-07-01 22:58:30,2022-07-01 18:58:30
82474,105,01-07-2022,1656716311,F01,plaza,C,93,59,97,5347,-72.06893000000001,-45.57105166666667,calibracion,,2022-07-01 22:58:30,2022-07-01 18:58:30
82475,106,01-07-2022,1656716316,F01,plaza,C,90,55,92,5347,-72.06850333333334,-45.57089666666668,calibracion,,2022-07-01 22:58:40,2022-07-01 18:58:40
82476,107,01-07-2022,1656716322,F01,plaza,C,90,56,92,5348,-72.06850333333334,-45.57089666666668,calibracion,,2022-07-01 22:58:40,2022-07-01 18:58:40
82477,108,01-07-2022,1656716327,F01,plaza,C,88,52,91,5348,-72.06850333333334,-45.57089666666668,calibracion,,2022-07-01 22:58:50,2022-07-01 18:58:50
82478,109,01-07-2022,1656716332,F01,plaza,C,90,51,93,5347,-72.06850333333334,-45.57089666666668,calibracion,,2022-07-01 22:58:50,2022-07-01 18:58:50
82479,110,01-07-2022,1656716338,F01,plaza,C,93,52,96,5348,-72.06850333333334,-45.57089666666668,calibracion,,2022-07-01 22:59:00,2022-07-01 18:59:00
82480,111,01-07-2022,1656716343,F01,plaza,C,95,52,99,5347,-72.06850333333334,-45.57089666666668,calibracion,,2022-07-01 22:59:00,2022-07-01 18:59:00
82481,112,01-07-2022,1656716348,F01,plaza,C,95,54,104,5348,-72.06850333333334,-45.57089666666668,calibracion,,2022-07-01 22:59:10,2022-07-01 18:59:10
82482,113,01-07-2022,1656716354,F01,plaza,C,95,57,104,5349,-72.06850333333334,-45.57089666666668,calibracion,,2022-07-01 22:59:10,2022-07-01 18:59:10
82483,114,01-07-2022,1656716359,F01,plaza,C,98,59,102,5348,-72.06850333333334,-45.57089666666668,calibracion,,2022-07-01 22:59:20,2022-07-01 18:59:20
82484,115,01-07-2022,1656716365,F01,plaza,C,99,60,109,5348,-72.06850333333334,-45.57089666666668,calibracion,,2022-07-01 22:59:20,2022-07-01 18:59:20
82485,116,01-07-2022,1656716370,F01,plaza,C,98,57,108,5348,-72.06850333333334,-45.57089666666668,calibracion,,2022-07-01 22:59:30,2022-07-01 18:59:30
82486,117,01-07-2022,1656716375,F01,plaza,C,97,56,104,5347,-72.06878666666667,-45.571235,calibracion,,2022-07-01 22:59:40,2022-07-01 18:59:40
82487,118,01-07-2022,1656716381,F01,plaza,C,102,59,111,5347,-72.06878666666667,-45.571235,calibracion,,2022-07-01 22:59:40,2022-07-01 18:59:40
82488,119,01-07-2022,1656716386,F01,plaza,C,98,58,106,5348,-72.06878666666667,-45.571235,calibracion,,2022-07-01 22:59:50,2022-07-01 18:59:50
82489,120,01-07-2022,1656716391,F01,plaza,C,97,58,106,5347,-72.06878666666667,-45.571235,calibracion,,2022-07-01 22:59:50,2022-07-01 18:59:50
82490,121,01-07-2022,1656716397,F01,plaza,C,95,57,106,5347,-72.06878666666667,-45.571235,calibracion,,2022-07-01 23:00:00,2022-07-01 19:00:00
82491,122,01-07-2022,1656716402,F01,plaza,C,90,55,97,5347,-72.06878666666667,-45.571235,calibracion,,2022-07-01 23:00:00,2022-07-01 19:00:00
82492,123,01-07-2022,1656716407,F01,plaza,C,84,50,90,5347,-72.06878666666667,-45.571235,calibracion,,2022-07-01 23:00:10,2022-07-01 19:00:10
82493,124,01-07-2022,1656716413,F01,plaza,C,80,47,89,5348,-72.06878666666667,-45.571235,calibracion,,2022-07-01 23:00:10,2022-07-01 19:00:10
82494,125,01-07-2022,1656716418,F01,plaza,C,76,46,88,5346,-72.06878666666667,-45.571235,calibracion,,2022-07-01 23:00:20,2022-07-01 19:00:20
82495,126,01-07-2022,1656716423,F01,plaza,C,82,50,89,5347,-72.06874666666666,-45.57102666666666,calibracion,,2022-07-01 23:00:20,2022-07-01 19:00:20
82496,127,01-07-2022,1656716429,F01,plaza,C,80,49,88,5347,-72.06874666666666,-45.57102666666666,calibracion,,2022-07-01 23:00:30,2022-07-01 19:00:30
82497,128,01-07-2022,1656716434,F01,plaza,C,76,49,85,5347,-72.06874666666666,-45.57102666666666,calibracion,,2022-07-01 23:00:30,2022-07-01 19:00:30
82498,129,01-07-2022,1656716439,F01,plaza,C,74,46,87,5347,-72.06874666666666,-45.57102666666666,calibracion,,2022-07-01 23:00:40,2022-07-01 19:00:40
82499,130,01-07-2022,1656716445,F01,plaza,C,74,44,88,5347,-72.06874666666666,-45.57102666666666,calibracion,,2022-07-01 23:00:40,2022-07-01 19:00:40
82500,131,01-07-2022,1656716450,F01,plaza,C,73,44,88,5347,-72.06874666666666,-45.57102666666666,calibracion,,2022-07-01 23:00:50,2022-07-01 19:00:50
82501,132,01-07-2022,1656716455,F01,plaza,C,78,46,89,5348,-72.06874666666666,-45.57102666666666,calibracion,,2022-07-01 23:01:00,2022-07-01 19:01:00
82502,133,01-07-2022,1656716461,F01,plaza,C,78,48,88,5346,-72.06874666666666,-45.57102666666666,calibracion,,2022-07-01 23:01:00,2022-07-01 19:01:00
82503,134,01-07-2022,1656716466,F01,plaza,C,78,49,88,5347,-72.06874666666666,-45.57102666666666,calibracion,,2022-07-01 23:01:10,2022-07-01 19:01:10
82504,135,01-07-2022,1656716471,F01,plaza,C,77,46,86,5348,-72.06874666666666,-45.57102666666666,calibracion,,2022-07-01 23:01:10,2022-07-01 19:01:10
82505,136,01-07-2022,1656716477,F01,plaza,C,76,48,87,5347,-72.06856166666667,-45.57099333333334,calibracion,,2022-07-01 23:01:20,2022-07-01 19:01:20
82506,137,01-07-2022,1656716482,F01,plaza,C,73,47,85,5347,-72.06856166666667,-45.57099333333334,calibracion,,2022-07-01 23:01:20,2022-07-01 19:01:20
82507,138,01-07-2022,1656716488,F01,plaza,C,76,46,86,5346,-72.06856166666667,-45.57099333333334,calibracion,,2022-07-01 23:01:30,2022-07-01 19:01:30
82508,139,01-07-2022,1656716493,F01,plaza,C,82,48,89,5347,-72.06856166666667,-45.57099333333334,calibracion,,2022-07-01 23:01:30,2022-07-01 19:01:30
82509,140,01-07-2022,1656716498,F01,plaza,C,85,51,89,5347,-72.06856166666667,-45.57099333333334,calibracion,,2022-07-01 23:01:40,2022-07-01 19:01:40
82510,141,01-07-2022,1656716504,F01,plaza,C,84,51,90,5348,-72.06856166666667,-45.57099333333334,calibracion,,2022-07-01 23:01:40,2022-07-01 19:01:40
82511,142,01-07-2022,1656716509,F01,plaza,C,85,52,91,5348,-72.06856166666667,-45.57099333333334,calibracion,,2022-07-01 23:01:50,2022-07-01 19:01:50
82512,143,01-07-2022,1656716514,F01,plaza,C,81,49,87,5347,-72.06856166666667,-45.57099333333334,calibracion,,2022-07-01 23:01:50,2022-07-01 19:01:50
82513,144,01-07-2022,1656716520,F01,plaza,C,84,50,89,5348,-72.06856166666667,-45.57099333333334,calibracion,,2022-07-01 23:02:00,2022-07-01 19:02:00
82514,145,01-07-2022,1656716525,F01,plaza,C,82,48,88,5348,-72.06869833333333,-45.571056666666664,calibracion,,2022-07-01 23:02:00,2022-07-01 19:02:00
82515,146,01-07-2022,1656716530,F01,plaza,C,85,51,90,5348,-72.06869833333333,-45.571056666666664,calibracion,,2022-07-01 23:02:10,2022-07-01 19:02:10
82516,147,01-07-2022,1656716536,F01,plaza,C,86,53,91,5347,-72.06869833333333,-45.571056666666664,calibracion,,2022-07-01 23:02:20,2022-07-01 19:02:20
82517,148,01-07-2022,1656716541,F01,plaza,C,89,54,96,5347,-72.06869833333333,-45.571056666666664,calibracion,,2022-07-01 23:02:20,2022-07-01 19:02:20
82518,149,01-07-2022,1656716546,F01,plaza,C,88,54,95,5347,-72.06869833333333,-45.571056666666664,calibracion,,2022-07-01 23:02:30,2022-07-01 19:02:30
82519,150,01-07-2022,1656716552,F01,plaza,C,88,54,96,5347,-72.06869833333333,-45.571056666666664,calibracion,,2022-07-01 23:02:30,2022-07-01 19:02:30
82520,151,01-07-2022,1656716557,F01,plaza,C,86,54,91,5347,-72.06869833333333,-45.571056666666664,calibracion,,2022-07-01 23:02:40,2022-07-01 19:02:40
82521,152,01-07-2022,1656716562,F01,plaza,C,86,53,92,5347,-72.06869833333333,-45.571056666666664,sesion,,2022-07-01 23:02:40,2022-07-01 19:02:40
82522,153,01-07-2022,1656716568,F01,plaza,C,86,53,93,5346,-72.06869833333333,-45.571056666666664,sesion,,2022-07-01 23:02:50,2022-07-01 19:02:50
82523,154,01-07-2022,1656716573,F01,plaza,C,89,54,95,5347,-72.06870666666667,-45.57094666666667,sesion,,2022-07-01 23:02:50,2022-07-01 19:02:50
82524,155,01-07-2022,1656716578,F01,plaza,C,92,55,101,5346,-72.06870666666667,-45.57094666666667,sesion,,2022-07-01 23:03:00,2022-07-01 19:03:00
82525,156,01-07-2022,1656716584,F01,plaza,C,94,57,100,5347,-72.06870666666667,-45.57094666666667,sesion,,2022-07-01 23:03:00,2022-07-01 19:03:00
82526,157,01-07-2022,1656716589,F01,plaza,C,90,54,95,5347,-72.06870666666667,-45.57094666666667,sesion,,2022-07-01 23:03:10,2022-07-01 19:03:10
82527,158,01-07-2022,1656716594,F01,plaza,C,93,56,100,5347,-72.06870666666667,-45.57094666666667,sesion,,2022-07-01 23:03:10,2022-07-01 19:03:10
82528,159,01-07-2022,1656716600,F01,plaza,C,92,55,97,5348,-72.06870666666667,-45.57094666666667,sesion,,2022-07-01 23:03:20,2022-07-01 19:03:20
82529,160,01-07-2022,1656716605,F01,plaza,C,102,62,107,5347,-72.06870666666667,-45.57094666666667,sesion,,2022-07-01 23:03:20,2022-07-01 19:03:20
82530,161,01-07-2022,1656716611,F01,plaza,C,112,69,117,5348,-72.06870666666667,-45.57094666666667,sesion,,2022-07-01 23:03:30,2022-07-01 19:03:30
82531,162,01-07-2022,1656716616,F01,plaza,C,115,68,118,5348,-72.06918166666667,-45.57104333333334,sesion,,2022-07-01 23:03:40,2022-07-01 19:03:40
82532,163,01-07-2022,1656716621,F01,plaza,C,115,67,120,5348,-72.06918166666667,-45.57104333333334,sesion,,2022-07-01 23:03:40,2022-07-01 19:03:40
82533,164,01-07-2022,1656716627,F01,plaza,C,110,67,115,5348,-72.06918166666667,-45.57104333333334,sesion,,2022-07-01 23:03:50,2022-07-01 19:03:50
82534,165,01-07-2022,1656716632,F01,plaza,C,109,67,115,5346,-72.06918166666667,-45.57104333333334,sesion,,2022-07-01 23:03:50,2022-07-01 19:03:50
82535,166,01-07-2022,1656716637,F01,plaza,C,108,65,115,5347,-72.06918166666667,-45.57104333333334,sesion,,2022-07-01 23:04:00,2022-07-01 19:04:00
82536,167,01-07-2022,1656716643,F01,plaza,C,108,66,116,5347,-72.06918166666667,-45.57104333333334,sesion,,2022-07-01 23:04:00,2022-07-01 19:04:00
82537,168,01-07-2022,1656716648,F01,plaza,C,111,65,119,5348,-72.06918166666667,-45.57104333333334,sesion,,2022-07-01 23:04:10,2022-07-01 19:04:10
82538,169,01-07-2022,1656716653,F01,plaza,C,108,63,120,5348,-72.06918166666667,-45.57104333333334,sesion,,2022-07-01 23:04:10,2022-07-01 19:04:10
82539,170,01-07-2022,1656716659,F01,plaza,C,111,64,122,5347,-72.06946666666666,-45.57084166666667,sesion,,2022-07-01 23:04:20,2022-07-01 19:04:20
82540,171,01-07-2022,1656716664,F01,plaza,C,102,60,111,5348,-72.06946666666666,-45.57084166666667,sesion,,2022-07-01 23:04:20,2022-07-01 19:04:20
82541,172,01-07-2022,1656716669,F01,plaza,C,100,58,110,5346,-72.06946666666666,-45.57084166666667,sesion,,2022-07-01 23:04:30,2022-07-01 19:04:30
82542,173,01-07-2022,1656716675,F01,plaza,C,104,60,115,5347,-72.06946666666666,-45.57084166666667,sesion,,2022-07-01 23:04:40,2022-07-01 19:04:40
82543,174,01-07-2022,1656716680,F01,plaza,C,107,63,120,5346,-72.06946666666666,-45.57084166666667,sesion,,2022-07-01 23:04:40,2022-07-01 19:04:40
82544,175,01-07-2022,1656716685,F01,plaza,C,104,64,118,5347,-72.06946666666666,-45.57084166666667,sesion,,2022-07-01 23:04:40,2022-07-01 19:04:40
82545,176,01-07-2022,1656716691,F01,plaza,C,96,58,106,5347,-72.06946666666666,-45.57084166666667,sesion,,2022-07-01 23:04:50,2022-07-01 19:04:50
82546,177,01-07-2022,1656716696,F01,plaza,C,90,53,97,5347,-72.06946666666666,-45.57084166666667,sesion,,2022-07-01 23:05:00,2022-07-01 19:05:00
82547,178,01-07-2022,1656716701,F01,plaza,C,91,55,102,5347,-72.06946666666666,-45.57084166666667,sesion,,2022-07-01 23:05:00,2022-07-01 19:05:00
82548,179,01-07-2022,1656716707,F01,plaza,C,91,57,101,5348,-72.06946666666666,-45.57084166666667,sesion,,2022-07-01 23:05:10,2022-07-01 19:05:10
82549,180,01-07-2022,1656716712,F01,plaza,C,94,57,102,5347,-72.06890333333334,-45.57037666666667,sesion,,2022-07-01 23:05:10,2022-07-01 19:05:10
82550,181,01-07-2022,1656716717,F01,plaza,C,95,57,105,5348,-72.06890333333334,-45.57037666666667,sesion,,2022-07-01 23:05:20,2022-07-01 19:05:20
82551,182,01-07-2022,1656716723,F01,plaza,C,92,55,102,5347,-72.06890333333334,-45.57037666666667,sesion,,2022-07-01 23:05:20,2022-07-01 19:05:20
82552,183,01-07-2022,1656716728,F01,plaza,C,94,55,103,5348,-72.06890333333334,-45.57037666666667,sesion,,2022-07-01 23:05:30,2022-07-01 19:05:30
82553,184,01-07-2022,1656716733,F01,plaza,C,93,54,99,5347,-72.06890333333334,-45.57037666666667,sesion,,2022-07-01 23:05:30,2022-07-01 19:05:30
82554,185,01-07-2022,1656716739,F01,plaza,C,86,50,94,5347,-72.06890333333334,-45.57037666666667,sesion,,2022-07-01 23:05:40,2022-07-01 19:05:40
82555,186,01-07-2022,1656716744,F01,plaza,C,86,48,95,5348,-72.06890333333334,-45.57037666666667,sesion,,2022-07-01 23:05:40,2022-07-01 19:05:40
82556,187,01-07-2022,1656716750,F01,plaza,C,88,49,99,5347,-72.06890333333334,-45.57037666666667,sesion,,2022-07-01 23:05:50,2022-07-01 19:05:50
82557,188,01-07-2022,1656716755,F01,plaza,C,89,52,97,5348,-72.06890333333334,-45.57037666666667,sesion,,2022-07-01 23:06:00,2022-07-01 19:06:00
82558,189,01-07-2022,1656716760,F01,plaza,C,93,53,105,5347,-72.06890333333334,-45.57037666666667,sesion,,2022-07-01 23:06:00,2022-07-01 19:06:00
82559,190,01-07-2022,1656716766,F01,plaza,C,93,54,107,5345,-72.06864666666667,-45.57023333333333,sesion,,2022-07-01 23:06:10,2022-07-01 19:06:10
82560,191,01-07-2022,1656716771,F01,plaza,C,89,52,97,5348,-72.06864666666667,-45.57023333333333,sesion,,2022-07-01 23:06:10,2022-07-01 19:06:10
82561,192,01-07-2022,1656716776,F01,plaza,C,85,52,92,5347,-72.06864666666667,-45.57023333333333,sesion,,2022-07-01 23:06:20,2022-07-01 19:06:20
82562,193,01-07-2022,1656716782,F01,plaza,C,85,52,96,5348,-72.06864666666667,-45.57023333333333,sesion,,2022-07-01 23:06:20,2022-07-01 19:06:20
82563,194,01-07-2022,1656716787,F01,plaza,C,84,48,96,5347,-72.06864666666667,-45.57023333333333,sesion,,2022-07-01 23:06:30,2022-07-01 19:06:30
82564,195,01-07-2022,1656716792,F01,plaza,C,80,45,93,5347,-72.06864666666667,-45.57023333333333,sesion,,2022-07-01 23:06:30,2022-07-01 19:06:30
82565,196,01-07-2022,1656716798,F01,plaza,C,79,45,89,5347,-72.06864666666667,-45.57023333333333,sesion,,2022-07-01 23:06:40,2022-07-01 19:06:40
82566,197,01-07-2022,1656716803,F01,plaza,C,77,45,87,5347,-72.06864666666667,-45.57023333333333,sesion,,2022-07-01 23:06:40,2022-07-01 19:06:40
82567,198,01-07-2022,1656716808,F01,plaza,C,83,49,91,5346,-72.06876166666666,-45.56971833333333,sesion,,2022-07-01 23:06:50,2022-07-01 19:06:50
82568,199,01-07-2022,1656716814,F01,plaza,C,85,52,92,5347,-72.06876166666666,-45.56971833333333,sesion,,2022-07-01 23:06:50,2022-07-01 19:06:50
82569,200,01-07-2022,1656716819,F01,plaza,C,86,53,91,5348,-72.06876166666666,-45.56971833333333,sesion,,2022-07-01 23:07:00,2022-07-01 19:07:00
82570,201,01-07-2022,1656716824,F01,plaza,C,95,56,100,5347,-72.06876166666666,-45.56971833333333,sesion,,2022-07-01 23:07:00,2022-07-01 19:07:00
82571,202,01-07-2022,1656716830,F01,plaza,C,102,61,109,5347,-72.06876166666666,-45.56971833333333,sesion,,2022-07-01 23:07:10,2022-07-01 19:07:10
82572,203,01-07-2022,1656716835,F01,plaza,C,110,68,117,5348,-72.06876166666666,-45.56971833333333,sesion,,2022-07-01 23:07:20,2022-07-01 19:07:20
82573,204,01-07-2022,1656716840,F01,plaza,C,105,66,112,5347,-72.06876166666666,-45.56971833333333,sesion,,2022-07-01 23:07:20,2022-07-01 19:07:20
82574,205,01-07-2022,1656716846,F01,plaza,C,104,62,115,5347,-72.06876166666666,-45.56971833333333,sesion,,2022-07-01 23:07:30,2022-07-01 19:07:30
82575,206,01-07-2022,1656716851,F01,plaza,C,92,54,102,5347,-72.06876166666666,-45.56971833333333,sesion,,2022-07-01 23:07:30,2022-07-01 19:07:30
82576,207,01-07-2022,1656716856,F01,plaza,C,86,53,93,5347,-72.068315,-45.569385,sesion,,2022-07-01 23:07:40,2022-07-01 19:07:40
82577,208,01-07-2022,1656716862,F01,plaza,C,88,54,94,5347,-72.068315,-45.569385,sesion,,2022-07-01 23:07:40,2022-07-01 19:07:40
82578,209,01-07-2022,1656716867,F01,plaza,C,86,52,93,5348,-72.068315,-45.569385,sesion,,2022-07-01 23:07:50,2022-07-01 19:07:50
82579,210,01-07-2022,1656716873,F01,plaza,C,82,50,90,5347,-72.068315,-45.569385,sesion,,2022-07-01 23:07:50,2022-07-01 19:07:50
82580,211,01-07-2022,1656716878,F01,plaza,C,88,52,94,5348,-72.068315,-45.569385,sesion,,2022-07-01 23:08:00,2022-07-01 19:08:00
82581,212,01-07-2022,1656716883,F01,plaza,C,92,54,98,5348,-72.068315,-45.569385,sesion,,2022-07-01 23:08:00,2022-07-01 19:08:00
82582,213,01-07-2022,1656716889,F01,plaza,C,100,58,107,5348,-72.068315,-45.569385,sesion,,2022-07-01 23:08:10,2022-07-01 19:08:10
82583,214,01-07-2022,1656716894,F01,plaza,C,101,61,110,5347,-72.068315,-45.569385,sesion,,2022-07-01 23:08:10,2022-07-01 19:08:10
82584,215,01-07-2022,1656716899,F01,plaza,C,101,62,110,5349,-72.06806333333334,-45.56907833333333,sesion,,2022-07-01 23:08:20,2022-07-01 19:08:20
82585,216,01-07-2022,1656716905,F01,plaza,C,104,65,114,5347,-72.06806333333334,-45.56907833333333,sesion,,2022-07-01 23:08:20,2022-07-01 19:08:20
82586,217,01-07-2022,1656716910,F01,plaza,C,89,54,94,5347,-72.06806333333334,-45.56907833333333,sesion,,2022-07-01 23:08:30,2022-07-01 19:08:30
82587,218,01-07-2022,1656716915,F01,plaza,C,89,54,99,5347,-72.06806333333334,-45.56907833333333,sesion,,2022-07-01 23:08:40,2022-07-01 19:08:40
82588,219,01-07-2022,1656716921,F01,plaza,C,91,54,101,5347,-72.06806333333334,-45.56907833333333,sesion,,2022-07-01 23:08:40,2022-07-01 19:08:40
82589,220,01-07-2022,1656716926,F01,plaza,C,92,54,99,5348,-72.06806333333334,-45.56907833333333,sesion,,2022-07-01 23:08:50,2022-07-01 19:08:50
82590,221,01-07-2022,1656716931,F01,plaza,C,106,61,113,5348,-72.06806333333334,-45.56907833333333,sesion,,2022-07-01 23:08:50,2022-07-01 19:08:50
82591,222,01-07-2022,1656716937,F01,plaza,C,118,67,129,5347,-72.06806333333334,-45.56907833333333,sesion,,2022-07-01 23:09:00,2022-07-01 19:09:00
82592,223,01-07-2022,1656716942,F01,plaza,C,128,71,136,5347,-72.06806333333334,-45.56907833333333,sesion,,2022-07-01 23:09:00,2022-07-01 19:09:00
82593,224,01-07-2022,1656716947,F01,plaza,C,119,68,128,5348,-72.06806333333334,-45.56907833333333,sesion,,2022-07-01 23:09:10,2022-07-01 19:09:10
82594,225,01-07-2022,1656716953,F01,plaza,C,125,72,137,5347,-72.06730999999998,-45.568690000000004,sesion,,2022-07-01 23:09:10,2022-07-01 19:09:10
82595,226,01-07-2022,1656716958,F01,plaza,C,132,74,146,5348,-72.06730999999998,-45.568690000000004,sesion,,2022-07-01 23:09:20,2022-07-01 19:09:20
82596,227,01-07-2022,1656716963,F01,plaza,C,172,95,183,5348,-72.06730999999998,-45.568690000000004,sesion,,2022-07-01 23:09:20,2022-07-01 19:09:20
82597,228,01-07-2022,1656716969,F01,plaza,C,178,98,193,5348,-72.06730999999998,-45.568690000000004,sesion,,2022-07-01 23:09:30,2022-07-01 19:09:30
82598,229,01-07-2022,1656716974,F01,plaza,C,164,94,183,5347,-72.06730999999998,-45.568690000000004,sesion,,2022-07-01 23:09:30,2022-07-01 19:09:30
82599,230,01-07-2022,1656716979,F01,plaza,C,133,75,149,5348,-72.06730999999998,-45.568690000000004,sesion,,2022-07-01 23:09:40,2022-07-01 19:09:40
82600,231,01-07-2022,1656716985,F01,plaza,C,131,75,145,5347,-72.06730999999998,-45.568690000000004,sesion,,2022-07-01 23:09:40,2022-07-01 19:09:40
82601,232,01-07-2022,1656716990,F01,plaza,C,135,79,148,5348,-72.06730999999998,-45.568690000000004,sesion,,2022-07-01 23:09:50,2022-07-01 19:09:50
82602,233,01-07-2022,1656716996,F01,plaza,C,144,84,155,5347,-72.06730999999998,-45.568690000000004,sesion,,2022-07-01 23:10:00,2022-07-01 19:10:00
82603,234,01-07-2022,1656717001,F01,plaza,C,157,91,169,5347,-72.06781166666666,-45.56847,sesion,,2022-07-01 23:10:00,2022-07-01 19:10:00
82604,235,01-07-2022,1656717006,F01,plaza,C,157,93,173,5347,-72.06781166666666,-45.56847,sesion,,2022-07-01 23:10:10,2022-07-01 19:10:10
82605,236,01-07-2022,1656717012,F01,plaza,C,168,97,187,5348,-72.06781166666666,-45.56847,sesion,,2022-07-01 23:10:10,2022-07-01 19:10:10
82606,237,01-07-2022,1656717017,F01,plaza,C,192,110,211,5346,-72.06781166666666,-45.56847,sesion,,2022-07-01 23:10:20,2022-07-01 19:10:20
82607,238,01-07-2022,1656717022,F01,plaza,C,200,111,218,5347,-72.06781166666666,-45.56847,sesion,,2022-07-01 23:10:20,2022-07-01 19:10:20
82608,239,01-07-2022,1656717028,F01,plaza,C,200,110,220,5347,-72.06781166666666,-45.56847,sesion,,2022-07-01 23:10:30,2022-07-01 19:10:30
82609,240,01-07-2022,1656717033,F01,plaza,C,199,109,222,5347,-72.06781166666666,-45.56847,sesion,,2022-07-01 23:10:30,2022-07-01 19:10:30
82610,241,01-07-2022,1656717038,F01,plaza,C,196,112,222,5347,-72.06781166666666,-45.56847,sesion,,2022-07-01 23:10:40,2022-07-01 19:10:40
82611,242,01-07-2022,1656717044,F01,plaza,C,199,113,221,5348,-72.06852833333333,-45.5682,sesion,,2022-07-01 23:10:40,2022-07-01 19:10:40
82612,243,01-07-2022,1656717049,F01,plaza,C,198,111,216,5347,-72.06852833333333,-45.5682,sesion,,2022-07-01 23:10:50,2022-07-01 19:10:50
82613,244,01-07-2022,1656717054,F01,plaza,C,187,106,212,5347,-72.06852833333333,-45.5682,sesion,,2022-07-01 23:10:50,2022-07-01 19:10:50
82614,245,01-07-2022,1656717060,F01,plaza,C,189,106,214,5347,-72.06852833333333,-45.5682,sesion,,2022-07-01 23:11:00,2022-07-01 19:11:00
82615,246,01-07-2022,1656717065,F01,plaza,C,182,104,203,5348,-72.06852833333333,-45.5682,sesion,,2022-07-01 23:11:00,2022-07-01 19:11:00
82616,247,01-07-2022,1656717070,F01,plaza,C,180,103,200,5348,-72.06852833333333,-45.5682,sesion,,2022-07-01 23:11:10,2022-07-01 19:11:10
82617,248,01-07-2022,1656717076,F01,plaza,C,175,101,195,5348,-72.06852833333333,-45.5682,sesion,,2022-07-01 23:11:20,2022-07-01 19:11:20
82618,249,01-07-2022,1656717081,F01,plaza,C,161,92,175,5347,-72.06852833333333,-45.5682,sesion,,2022-07-01 23:11:20,2022-07-01 19:11:20
82619,250,01-07-2022,1656717086,F01,plaza,C,145,83,155,5347,-72.06852833333333,-45.5682,sesion,,2022-07-01 23:11:30,2022-07-01 19:11:30
82620,251,01-07-2022,1656717092,F01,plaza,C,144,83,157,5347,-72.06852833333333,-45.5682,sesion,,2022-07-01 23:11:30,2022-07-01 19:11:30
82621,252,01-07-2022,1656717097,F01,plaza,C,141,80,157,5347,-72.06923333333334,-45.568465,sesion,,2022-07-01 23:11:40,2022-07-01 19:11:40
82622,253,01-07-2022,1656717102,F01,plaza,C,141,80,155,5347,-72.06923333333334,-45.568465,sesion,,2022-07-01 23:11:40,2022-07-01 19:11:40
82623,254,01-07-2022,1656717108,F01,plaza,C,139,83,153,5347,-72.06923333333334,-45.568465,sesion,,2022-07-01 23:11:50,2022-07-01 19:11:50
82624,255,01-07-2022,1656717113,F01,plaza,C,143,85,155,5347,-72.06923333333334,-45.568465,sesion,,2022-07-01 23:11:50,2022-07-01 19:11:50
82625,256,01-07-2022,1656717119,F01,plaza,C,145,85,163,5347,-72.06923333333334,-45.568465,sesion,,2022-07-01 23:12:00,2022-07-01 19:12:00
82626,257,01-07-2022,1656717124,F01,plaza,C,149,86,168,5348,-72.06923333333334,-45.568465,sesion,,2022-07-01 23:12:00,2022-07-01 19:12:00
82627,258,01-07-2022,1656717129,F01,plaza,C,164,95,175,5348,-72.06923333333334,-45.568465,sesion,,2022-07-01 23:12:10,2022-07-01 19:12:10
82628,259,01-07-2022,1656717135,F01,plaza,C,181,105,203,5347,-72.06923333333334,-45.568465,sesion,,2022-07-01 23:12:20,2022-07-01 19:12:20
82629,260,01-07-2022,1656717140,F01,plaza,C,190,107,220,5347,-72.06923333333334,-45.568465,sesion,,2022-07-01 23:12:20,2022-07-01 19:12:20
82630,261,01-07-2022,1656717145,F01,plaza,C,220,119,251,5348,-72.069535,-45.56818833333333,sesion,,2022-07-01 23:12:20,2022-07-01 19:12:20
82631,262,01-07-2022,1656717151,F01,plaza,C,233,130,258,5348,-72.069535,-45.56818833333333,sesion,,2022-07-01 23:12:30,2022-07-01 19:12:30
82632,263,01-07-2022,1656717156,F01,plaza,C,235,131,259,5347,-72.069535,-45.56818833333333,sesion,,2022-07-01 23:12:40,2022-07-01 19:12:40
82633,264,01-07-2022,1656717161,F01,plaza,C,233,134,262,5347,-72.069535,-45.56818833333333,sesion,,2022-07-01 23:12:40,2022-07-01 19:12:40
82634,265,01-07-2022,1656717167,F01,plaza,C,236,135,266,5348,-72.069535,-45.56818833333333,sesion,,2022-07-01 23:12:50,2022-07-01 19:12:50
82635,266,01-07-2022,1656717172,F01,plaza,C,243,139,272,5349,-72.069535,-45.56818833333333,sesion,,2022-07-01 23:12:50,2022-07-01 19:12:50
82636,267,01-07-2022,1656717177,F01,plaza,C,251,142,287,5346,-72.069535,-45.56818833333333,sesion,,2022-07-01 23:13:00,2022-07-01 19:13:00
82637,268,01-07-2022,1656717183,F01,plaza,C,255,143,296,5347,-72.069535,-45.56818833333333,sesion,,2022-07-01 23:13:00,2022-07-01 19:13:00
82638,269,01-07-2022,1656717188,F01,plaza,C,264,143,304,5345,-72.06943166666666,-45.56790166666666,sesion,,2022-07-01 23:13:10,2022-07-01 19:13:10
82639,270,01-07-2022,1656717193,F01,plaza,C,271,143,312,5347,-72.06943166666666,-45.56790166666666,sesion,,2022-07-01 23:13:10,2022-07-01 19:13:10
82640,271,01-07-2022,1656717199,F01,plaza,C,451,186,557,5348,-72.06943166666666,-45.56790166666666,sesion,,2022-07-01 23:13:20,2022-07-01 19:13:20
82641,272,01-07-2022,1656717204,F01,plaza,C,591,229,740,5347,-72.06943166666666,-45.56790166666666,sesion,,2022-07-01 23:13:20,2022-07-01 19:13:20
82642,273,01-07-2022,1656717209,F01,plaza,C,471,207,575,5348,-72.06943166666666,-45.56790166666666,sesion,,2022-07-01 23:13:30,2022-07-01 19:13:30
82643,274,01-07-2022,1656717215,F01,plaza,C,376,181,445,5348,-72.06943166666666,-45.56790166666666,sesion,,2022-07-01 23:13:40,2022-07-01 19:13:40
82644,275,01-07-2022,1656717220,F01,plaza,C,327,161,373,5347,-72.06943166666666,-45.56790166666666,sesion,,2022-07-01 23:13:40,2022-07-01 19:13:40
82645,276,01-07-2022,1656717225,F01,plaza,C,296,152,334,5348,-72.06943166666666,-45.56790166666666,sesion,,2022-07-01 23:13:40,2022-07-01 19:13:40
82646,277,01-07-2022,1656717231,F01,plaza,C,296,151,344,5348,-72.06943166666666,-45.56790166666666,sesion,,2022-07-01 23:13:50,2022-07-01 19:13:50
82647,278,01-07-2022,1656717236,F01,plaza,C,285,148,329,5347,-72.06933166666666,-45.56748,sesion,,2022-07-01 23:14:00,2022-07-01 19:14:00
82648,279,01-07-2022,1656717241,F01,plaza,C,283,150,327,5347,-72.06933166666666,-45.56748,sesion,,2022-07-01 23:14:00,2022-07-01 19:14:00
82649,280,01-07-2022,1656717247,F01,plaza,C,285,150,329,5347,-72.06933166666666,-45.56748,sesion,,2022-07-01 23:14:10,2022-07-01 19:14:10
82650,281,01-07-2022,1656717252,F01,plaza,C,287,152,331,5347,-72.06933166666666,-45.56748,sesion,,2022-07-01 23:14:10,2022-07-01 19:14:10
82651,282,01-07-2022,1656717258,F01,plaza,C,276,143,319,5347,-72.06933166666666,-45.56748,sesion,,2022-07-01 23:14:20,2022-07-01 19:14:20
82652,283,01-07-2022,1656717263,F01,plaza,C,267,137,311,5347,-72.06933166666666,-45.56748,sesion,,2022-07-01 23:14:20,2022-07-01 19:14:20
82653,284,01-07-2022,1656717268,F01,plaza,C,270,141,308,5347,-72.06933166666666,-45.56748,sesion,,2022-07-01 23:14:30,2022-07-01 19:14:30
82654,285,01-07-2022,1656717274,F01,plaza,C,256,139,293,5347,-72.06933166666666,-45.56748,sesion,,2022-07-01 23:14:30,2022-07-01 19:14:30
82655,286,01-07-2022,1656717279,F01,plaza,C,253,137,288,5345,-72.06880833333334,-45.56728333333334,sesion,,2022-07-01 23:14:40,2022-07-01 19:14:40
82656,287,01-07-2022,1656717284,F01,plaza,C,246,134,285,5348,-72.06880833333334,-45.56728333333334,sesion,,2022-07-01 23:14:40,2022-07-01 19:14:40
82657,288,01-07-2022,1656717290,F01,plaza,C,234,128,271,5347,-72.06880833333334,-45.56728333333334,sesion,,2022-07-01 23:14:50,2022-07-01 19:14:50
82658,289,01-07-2022,1656717295,F01,plaza,C,243,130,289,5346,-72.06880833333334,-45.56728333333334,sesion,,2022-07-01 23:15:00,2022-07-01 19:15:00
82659,290,01-07-2022,1656717300,F01,plaza,C,255,137,301,5347,-72.06880833333334,-45.56728333333334,sesion,,2022-07-01 23:15:00,2022-07-01 19:15:00
82660,291,01-07-2022,1656717306,F01,plaza,C,256,135,300,5348,-72.06880833333334,-45.56728333333334,sesion,,2022-07-01 23:15:10,2022-07-01 19:15:10
82661,292,01-07-2022,1656717311,F01,plaza,C,249,135,290,5347,-72.06880833333334,-45.56728333333334,sesion,,2022-07-01 23:15:10,2022-07-01 19:15:10
82662,293,01-07-2022,1656717316,F01,plaza,C,249,136,289,5347,-72.06880833333334,-45.56728333333334,sesion,,2022-07-01 23:15:20,2022-07-01 19:15:20
82663,294,01-07-2022,1656717322,F01,plaza,C,251,137,293,5348,-72.06880833333334,-45.56728333333334,sesion,,2022-07-01 23:15:20,2022-07-01 19:15:20
82664,295,01-07-2022,1656717327,F01,plaza,C,246,135,282,5347,-72.06854166666669,-45.56719166666666,sesion,,2022-07-01 23:15:30,2022-07-01 19:15:30
82665,296,01-07-2022,1656717332,F01,plaza,C,243,135,279,5348,-72.06854166666669,-45.56719166666666,sesion,,2022-07-01 23:15:30,2022-07-01 19:15:30
82666,297,01-07-2022,1656717338,F01,plaza,C,253,141,291,5347,-72.06854166666669,-45.56719166666666,sesion,,2022-07-01 23:15:40,2022-07-01 19:15:40
82667,298,01-07-2022,1656717343,F01,plaza,C,253,139,289,5347,-72.06854166666669,-45.56719166666666,sesion,,2022-07-01 23:15:40,2022-07-01 19:15:40
82668,299,01-07-2022,1656717348,F01,plaza,C,253,139,291,5347,-72.06854166666669,-45.56719166666666,sesion,,2022-07-01 23:15:50,2022-07-01 19:15:50
82669,300,01-07-2022,1656717354,F01,plaza,C,251,137,287,5347,-72.06854166666669,-45.56719166666666,sesion,,2022-07-01 23:15:50,2022-07-01 19:15:50
82670,301,01-07-2022,1656717359,F01,plaza,C,252,140,289,5347,-72.06854166666669,-45.56719166666666,sesion,,2022-07-01 23:16:00,2022-07-01 19:16:00
82671,302,01-07-2022,1656717364,F01,plaza,C,249,137,285,5348,-72.06854166666669,-45.56719166666666,sesion,,2022-07-01 23:16:00,2022-07-01 19:16:00
82672,303,01-07-2022,1656717370,F01,plaza,C,246,137,284,5348,-72.06854166666669,-45.56719166666666,sesion,,2022-07-01 23:16:10,2022-07-01 19:16:10
82673,304,01-07-2022,1656717375,F01,plaza,C,247,137,277,5348,-72.06854166666669,-45.56719166666666,sesion,,2022-07-01 23:16:20,2022-07-01 19:16:20
82674,305,01-07-2022,1656717381,F01,plaza,C,248,137,278,5346,-72.06854166666669,-45.56719166666666,sesion,,2022-07-01 23:16:20,2022-07-01 19:16:20
82675,306,01-07-2022,1656717386,F01,plaza,C,252,140,285,5346,-72.06854166666669,-45.56719166666666,sesion,,2022-07-01 23:16:30,2022-07-01 19:16:30
82676,307,01-07-2022,1656717391,F01,plaza,C,261,142,296,5346,-72.06849833333334,-45.56677333333334,sesion,,2022-07-01 23:16:30,2022-07-01 19:16:30
82677,308,01-07-2022,1656717397,F01,plaza,C,270,148,307,5345,-72.06849833333334,-45.56677333333334,sesion,,2022-07-01 23:16:40,2022-07-01 19:16:40
82678,309,01-07-2022,1656717402,F01,plaza,C,271,147,311,5348,-72.06849833333334,-45.56677333333334,sesion,,2022-07-01 23:16:40,2022-07-01 19:16:40
82679,310,01-07-2022,1656717407,F01,plaza,C,285,156,341,5347,-72.06849833333334,-45.56677333333334,sesion,,2022-07-01 23:16:50,2022-07-01 19:16:50
82680,311,01-07-2022,1656717413,F01,plaza,C,280,152,326,5347,-72.06849833333334,-45.56677333333334,sesion,,2022-07-01 23:16:50,2022-07-01 19:16:50
82681,312,01-07-2022,1656717418,F01,plaza,C,293,150,334,5347,-72.06849833333334,-45.56677333333334,sesion,,2022-07-01 23:17:00,2022-07-01 19:17:00
82682,313,01-07-2022,1656717423,F01,plaza,C,299,155,339,5347,-72.06849833333334,-45.56677333333334,sesion,,2022-07-01 23:17:00,2022-07-01 19:17:00
82683,314,01-07-2022,1656717429,F01,plaza,C,296,155,331,5347,-72.06849833333334,-45.56677333333334,sesion,,2022-07-01 23:17:10,2022-07-01 19:17:10
82684,315,01-07-2022,1656717434,F01,plaza,C,282,155,316,5347,-72.06862333333333,-45.56640166666666,sesion,,2022-07-01 23:17:10,2022-07-01 19:17:10
82685,316,01-07-2022,1656717439,F01,plaza,C,209,121,233,5348,-72.06862333333333,-45.56640166666666,sesion,,2022-07-01 23:17:20,2022-07-01 19:17:20
82686,317,01-07-2022,1656717445,F01,plaza,C,180,106,195,5349,-72.06862333333333,-45.56640166666666,sesion,,2022-07-01 23:17:20,2022-07-01 19:17:20
82687,318,01-07-2022,1656717450,F01,plaza,C,163,98,176,5347,-72.06862333333333,-45.56640166666666,sesion,,2022-07-01 23:17:30,2022-07-01 19:17:30
82688,319,01-07-2022,1656717455,F01,plaza,C,165,99,184,5347,-72.06862333333333,-45.56640166666666,sesion,,2022-07-01 23:17:40,2022-07-01 19:17:40
82689,320,01-07-2022,1656717461,F01,plaza,C,184,108,206,5348,-72.06862333333333,-45.56640166666666,sesion,,2022-07-01 23:17:40,2022-07-01 19:17:40
82690,321,01-07-2022,1656717466,F01,plaza,C,194,112,214,5347,-72.06862333333333,-45.56640166666666,sesion,,2022-07-01 23:17:50,2022-07-01 19:17:50
82691,322,01-07-2022,1656717471,F01,plaza,C,198,113,216,5346,-72.06862333333333,-45.56640166666666,sesion,,2022-07-01 23:17:50,2022-07-01 19:17:50
82692,323,01-07-2022,1656717477,F01,plaza,C,195,111,216,5347,-72.06862333333333,-45.56640166666666,sesion,,2022-07-01 23:18:00,2022-07-01 19:18:00
82693,324,01-07-2022,1656717482,F01,plaza,C,199,111,226,5347,-72.06895333333334,-45.56607833333334,sesion,,2022-07-01 23:18:00,2022-07-01 19:18:00
82694,325,01-07-2022,1656717487,F01,plaza,C,198,112,219,5347,-72.06895333333334,-45.56607833333334,sesion,,2022-07-01 23:18:10,2022-07-01 19:18:10
82695,326,01-07-2022,1656717493,F01,plaza,C,196,111,215,5348,-72.06895333333334,-45.56607833333334,sesion,,2022-07-01 23:18:10,2022-07-01 19:18:10
82696,327,01-07-2022,1656717498,F01,plaza,C,190,109,208,5348,-72.06895333333334,-45.56607833333334,sesion,,2022-07-01 23:18:20,2022-07-01 19:18:20
82697,328,01-07-2022,1656717504,F01,plaza,C,191,111,212,5347,-72.06895333333334,-45.56607833333334,sesion,,2022-07-01 23:18:20,2022-07-01 19:18:20
82698,329,01-07-2022,1656717509,F01,plaza,C,197,110,224,5347,-72.06895333333334,-45.56607833333334,sesion,,2022-07-01 23:18:30,2022-07-01 19:18:30
82699,330,01-07-2022,1656717514,F01,plaza,C,191,108,215,5347,-72.06895333333334,-45.56607833333334,sesion,,2022-07-01 23:18:30,2022-07-01 19:18:30
82700,331,01-07-2022,1656717520,F01,plaza,C,166,94,184,5347,-72.06895333333334,-45.56607833333334,sesion,,2022-07-01 23:18:40,2022-07-01 19:18:40
82701,332,01-07-2022,1656717525,F01,plaza,C,150,84,165,5348,-72.0697883333333,-45.566475,sesion,,2022-07-01 23:18:40,2022-07-01 19:18:40
82702,333,01-07-2022,1656717530,F01,plaza,C,150,87,165,5346,-72.0697883333333,-45.566475,sesion,,2022-07-01 23:18:50,2022-07-01 19:18:50
82703,334,01-07-2022,1656717536,F01,plaza,C,136,77,155,5345,-72.0697883333333,-45.566475,sesion,,2022-07-01 23:19:00,2022-07-01 19:19:00
82704,335,01-07-2022,1656717541,F01,plaza,C,93,54,109,5347,-72.0697883333333,-45.566475,sesion,,2022-07-01 23:19:00,2022-07-01 19:19:00
82705,336,01-07-2022,1656717546,F01,plaza,C,88,52,100,5346,-72.0697883333333,-45.566475,sesion,,2022-07-01 23:19:10,2022-07-01 19:19:10
82706,337,01-07-2022,1656717552,F01,plaza,C,114,68,124,5347,-72.0697883333333,-45.566475,sesion,,2022-07-01 23:19:10,2022-07-01 19:19:10
82707,338,01-07-2022,1656717557,F01,plaza,C,139,81,149,5347,-72.0697883333333,-45.566475,sesion,,2022-07-01 23:19:20,2022-07-01 19:19:20
82708,339,01-07-2022,1656717562,F01,plaza,C,138,79,152,5347,-72.0697883333333,-45.566475,sesion,,2022-07-01 23:19:20,2022-07-01 19:19:20
82709,340,01-07-2022,1656717568,F01,plaza,C,136,79,147,5348,-72.0697883333333,-45.566475,sesion,,2022-07-01 23:19:30,2022-07-01 19:19:30
82710,341,01-07-2022,1656717573,F01,plaza,C,158,91,172,5346,-72.06995500000001,-45.56647333333333,sesion,,2022-07-01 23:19:30,2022-07-01 19:19:30
82711,342,01-07-2022,1656717578,F01,plaza,C,184,105,205,5347,-72.06995500000001,-45.56647333333333,sesion,,2022-07-01 23:19:40,2022-07-01 19:19:40
82712,343,01-07-2022,1656717584,F01,plaza,C,172,101,195,5347,-72.06995500000001,-45.56647333333333,sesion,,2022-07-01 23:19:40,2022-07-01 19:19:40
82713,344,01-07-2022,1656717589,F01,plaza,C,165,96,184,5346,-72.06995500000001,-45.56647333333333,sesion,,2022-07-01 23:19:50,2022-07-01 19:19:50
82714,345,01-07-2022,1656717594,F01,plaza,C,152,89,165,5346,-72.06995500000001,-45.56647333333333,sesion,,2022-07-01 23:19:50,2022-07-01 19:19:50
82715,346,01-07-2022,1656717600,F01,plaza,C,154,88,170,5346,-72.06995500000001,-45.56647333333333,sesion,,2022-07-01 23:20:00,2022-07-01 19:20:00
82716,347,01-07-2022,1656717605,F01,plaza,C,158,86,174,5347,-72.06995500000001,-45.56647333333333,sesion,,2022-07-01 23:20:00,2022-07-01 19:20:00
82717,348,01-07-2022,1656717610,F01,plaza,C,154,86,168,5348,-72.06995500000001,-45.56647333333333,sesion,,2022-07-01 23:20:10,2022-07-01 19:20:10
82718,349,01-07-2022,1656717616,F01,plaza,C,153,85,166,5347,-72.07057833333333,-45.56658833333333,sesion,,2022-07-01 23:20:20,2022-07-01 19:20:20
82719,350,01-07-2022,1656717621,F01,plaza,C,157,88,178,5348,-72.07057833333333,-45.56658833333333,sesion,,2022-07-01 23:20:20,2022-07-01 19:20:20
82720,351,01-07-2022,1656717626,F01,plaza,C,151,86,170,5347,-72.07057833333333,-45.56658833333333,sesion,,2022-07-01 23:20:30,2022-07-01 19:20:30
82721,352,01-07-2022,1656717632,F01,plaza,C,162,97,182,5348,-72.07057833333333,-45.56658833333333,sesion,,2022-07-01 23:20:30,2022-07-01 19:20:30
82722,353,01-07-2022,1656717637,F01,plaza,C,171,98,192,5346,-72.07057833333333,-45.56658833333333,sesion,,2022-07-01 23:20:40,2022-07-01 19:20:40
82723,354,01-07-2022,1656717643,F01,plaza,C,167,95,188,5348,-72.07057833333333,-45.56658833333333,sesion,,2022-07-01 23:20:40,2022-07-01 19:20:40
82724,355,01-07-2022,1656717648,F01,plaza,C,172,98,196,5346,-72.07057833333333,-45.56658833333333,sesion,,2022-07-01 23:20:50,2022-07-01 19:20:50
82725,356,01-07-2022,1656717653,F01,plaza,C,183,101,206,5345,-72.07057833333333,-45.56658833333333,sesion,,2022-07-01 23:20:50,2022-07-01 19:20:50
82726,357,01-07-2022,1656717659,F01,plaza,C,172,96,193,5345,-72.07057833333333,-45.56658833333333,sesion,,2022-07-01 23:21:00,2022-07-01 19:21:00
82727,358,01-07-2022,1656717664,F01,plaza,C,170,100,190,5348,-72.0706116666667,-45.56629666666666,sesion,,2022-07-01 23:21:00,2022-07-01 19:21:00
82728,359,01-07-2022,1656717669,F01,plaza,C,167,98,191,5346,-72.0706116666667,-45.56629666666666,sesion,,2022-07-01 23:21:10,2022-07-01 19:21:10
82729,360,01-07-2022,1656717675,F01,plaza,C,165,96,187,5347,-72.0706116666667,-45.56629666666666,sesion,,2022-07-01 23:21:20,2022-07-01 19:21:20
82730,361,01-07-2022,1656717680,F01,plaza,C,165,96,186,5347,-72.0706116666667,-45.56629666666666,sesion,,2022-07-01 23:21:20,2022-07-01 19:21:20
82731,362,01-07-2022,1656717685,F01,plaza,C,165,98,182,5347,-72.0706116666667,-45.56629666666666,sesion,,2022-07-01 23:21:20,2022-07-01 19:21:20
82732,363,01-07-2022,1656717691,F01,plaza,C,177,103,187,5347,-72.0706116666667,-45.56629666666666,sesion,,2022-07-01 23:21:30,2022-07-01 19:21:30
82733,364,01-07-2022,1656717696,F01,plaza,C,179,104,193,5347,-72.0706116666667,-45.56629666666666,sesion,,2022-07-01 23:21:40,2022-07-01 19:21:40
82734,365,01-07-2022,1656717701,F01,plaza,C,177,103,191,5347,-72.0706116666667,-45.56629666666666,sesion,,2022-07-01 23:21:40,2022-07-01 19:21:40
82735,366,01-07-2022,1656717707,F01,plaza,C,164,97,178,5348,-72.070705,-45.56574333333333,sesion,,2022-07-01 23:21:50,2022-07-01 19:21:50
82736,367,01-07-2022,1656717712,F01,plaza,C,161,93,179,5346,-72.070705,-45.56574333333333,sesion,,2022-07-01 23:21:50,2022-07-01 19:21:50
82737,368,01-07-2022,1656717717,F01,plaza,C,168,95,191,5349,-72.070705,-45.56574333333333,sesion,,2022-07-01 23:22:00,2022-07-01 19:22:00
82738,369,01-07-2022,1656717723,F01,plaza,C,174,98,189,5348,-72.070705,-45.56574333333333,sesion,,2022-07-01 23:22:00,2022-07-01 19:22:00
82739,370,01-07-2022,1656717728,F01,plaza,C,185,106,200,5348,-72.070705,-45.56574333333333,sesion,,2022-07-01 23:22:10,2022-07-01 19:22:10
82740,371,01-07-2022,1656717733,F01,plaza,C,195,113,205,5348,-72.070705,-45.56574333333333,sesion,,2022-07-01 23:22:10,2022-07-01 19:22:10
82741,372,01-07-2022,1656717739,F01,plaza,C,202,116,212,5347,-72.070705,-45.56574333333333,sesion,,2022-07-01 23:22:20,2022-07-01 19:22:20
82742,373,01-07-2022,1656717744,F01,plaza,C,189,113,199,5348,-72.070705,-45.56574333333333,sesion,,2022-07-01 23:22:20,2022-07-01 19:22:20
82743,374,01-07-2022,1656717749,F01,plaza,C,154,93,165,5348,-72.070705,-45.56574333333333,sesion,,2022-07-01 23:22:30,2022-07-01 19:22:30
82744,375,01-07-2022,1656717755,F01,plaza,C,142,86,153,5347,-72.07065166666666,-45.56561,sesion,,2022-07-01 23:22:40,2022-07-01 19:22:40
82745,376,01-07-2022,1656717760,F01,plaza,C,140,85,151,5346,-72.07065166666666,-45.56561,sesion,,2022-07-01 23:22:40,2022-07-01 19:22:40
82746,377,01-07-2022,1656717766,F01,plaza,C,117,70,129,5346,-72.07065166666666,-45.56561,sesion,,2022-07-01 23:22:50,2022-07-01 19:22:50
82747,378,01-07-2022,1656717771,F01,plaza,C,108,62,120,5347,-72.07065166666666,-45.56561,sesion,,2022-07-01 23:22:50,2022-07-01 19:22:50
82748,379,01-07-2022,1656717776,F01,plaza,C,106,60,116,5348,-72.07065166666666,-45.56561,sesion,,2022-07-01 23:23:00,2022-07-01 19:23:00
82749,380,01-07-2022,1656717782,F01,plaza,C,96,55,99,5345,-72.07065166666666,-45.56561,sesion,,2022-07-01 23:23:00,2022-07-01 19:23:00
82750,381,01-07-2022,1656717787,F01,plaza,C,78,44,90,5346,-72.07065166666666,-45.56561,sesion,,2022-07-01 23:23:10,2022-07-01 19:23:10
82751,382,01-07-2022,1656717792,F01,plaza,C,62,36,80,5345,-72.07065166666666,-45.56561,sesion,,2022-07-01 23:23:10,2022-07-01 19:23:10
82752,383,01-07-2022,1656717798,F01,plaza,C,61,36,78,5347,-72.07041666666667,-45.56552666666666,sesion,,2022-07-01 23:23:20,2022-07-01 19:23:20
82753,384,01-07-2022,1656717803,F01,plaza,C,60,36,73,5348,-72.07041666666667,-45.56552666666666,sesion,,2022-07-01 23:23:20,2022-07-01 19:23:20
82754,385,01-07-2022,1656717808,F01,plaza,C,79,46,90,5348,-72.07041666666667,-45.56552666666666,sesion,,2022-07-01 23:23:30,2022-07-01 19:23:30
82755,386,01-07-2022,1656717814,F01,plaza,C,91,53,101,5347,-72.07041666666667,-45.56552666666666,sesion,,2022-07-01 23:23:30,2022-07-01 19:23:30
82756,387,01-07-2022,1656717819,F01,plaza,C,108,59,120,5348,-72.07041666666667,-45.56552666666666,sesion,,2022-07-01 23:23:40,2022-07-01 19:23:40
82757,388,01-07-2022,1656717824,F01,plaza,C,122,66,132,5347,-72.07041666666667,-45.56552666666666,sesion,,2022-07-01 23:23:40,2022-07-01 19:23:40
82758,389,01-07-2022,1656717830,F01,plaza,C,134,73,145,5347,-72.07041666666667,-45.56552666666666,sesion,,2022-07-01 23:23:50,2022-07-01 19:23:50
82759,390,01-07-2022,1656717835,F01,plaza,C,146,82,161,5347,-72.07041666666667,-45.56552666666666,sesion,,2022-07-01 23:24:00,2022-07-01 19:24:00
82760,391,01-07-2022,1656717840,F01,plaza,C,124,71,139,5347,-72.07041666666667,-45.56552666666666,sesion,,2022-07-01 23:24:00,2022-07-01 19:24:00
82761,392,01-07-2022,1656717846,F01,plaza,C,88,51,96,5347,-72.07041666666667,-45.56552666666666,sesion,,2022-07-01 23:24:10,2022-07-01 19:24:10
82762,393,01-07-2022,1656717851,F01,plaza,C,71,43,84,5348,-72.06993000000001,-45.56530833333333,sesion,,2022-07-01 23:24:10,2022-07-01 19:24:10
82763,394,01-07-2022,1656717856,F01,plaza,C,93,57,99,5347,-72.06993000000001,-45.56530833333333,sesion,,2022-07-01 23:24:20,2022-07-01 19:24:20
82764,395,01-07-2022,1656717862,F01,plaza,C,97,58,103,5348,-72.06993000000001,-45.56530833333333,sesion,,2022-07-01 23:24:20,2022-07-01 19:24:20
82765,396,01-07-2022,1656717867,F01,plaza,C,102,60,109,5347,-72.06993000000001,-45.56530833333333,sesion,,2022-07-01 23:24:30,2022-07-01 19:24:30
82766,397,01-07-2022,1656717872,F01,plaza,C,95,55,108,5347,-72.06993000000001,-45.56530833333333,sesion,,2022-07-01 23:24:30,2022-07-01 19:24:30
82767,398,01-07-2022,1656717878,F01,plaza,C,95,53,108,5347,-72.06993000000001,-45.56530833333333,sesion,,2022-07-01 23:24:40,2022-07-01 19:24:40
82768,399,01-07-2022,1656717883,F01,plaza,C,90,52,102,5347,-72.06993000000001,-45.56530833333333,sesion,,2022-07-01 23:24:40,2022-07-01 19:24:40
82769,400,01-07-2022,1656717888,F01,plaza,C,67,40,85,5348,-72.06993000000001,-45.56530833333333,sesion,,2022-07-01 23:24:50,2022-07-01 19:24:50
82770,401,01-07-2022,1656717894,F01,plaza,C,66,39,86,5346,-72.06993000000001,-45.56530833333333,sesion,,2022-07-01 23:24:50,2022-07-01 19:24:50
82771,402,01-07-2022,1656717899,F01,plaza,C,66,39,84,5347,-72.06869333333334,-45.56490333333333,sesion,,2022-07-01 23:25:00,2022-07-01 19:25:00
82772,403,01-07-2022,1656717905,F01,plaza,C,74,44,86,5348,-72.06869333333334,-45.56490333333333,sesion,,2022-07-01 23:25:00,2022-07-01 19:25:00
82773,404,01-07-2022,1656717910,F01,plaza,C,91,54,99,5347,-72.06869333333334,-45.56490333333333,sesion,,2022-07-01 23:25:10,2022-07-01 19:25:10
82774,405,01-07-2022,1656717915,F01,plaza,C,97,57,104,5347,-72.06869333333334,-45.56490333333333,sesion,,2022-07-01 23:25:20,2022-07-01 19:25:20
82775,406,01-07-2022,1656717921,F01,plaza,C,115,65,126,5347,-72.06869333333334,-45.56490333333333,sesion,,2022-07-01 23:25:20,2022-07-01 19:25:20
82776,407,01-07-2022,1656717926,F01,plaza,C,186,94,213,5348,-72.06869333333334,-45.56490333333333,sesion,,2022-07-01 23:25:30,2022-07-01 19:25:30
82777,408,01-07-2022,1656717931,F01,plaza,C,249,123,291,5347,-72.06869333333334,-45.56490333333333,sesion,,2022-07-01 23:25:30,2022-07-01 19:25:30
82778,409,01-07-2022,1656717937,F01,plaza,C,230,114,263,5348,-72.06869333333334,-45.56490333333333,sesion,,2022-07-01 23:25:40,2022-07-01 19:25:40
82779,410,01-07-2022,1656717942,F01,plaza,C,205,109,231,5347,-72.06828333333333,-45.564995,sesion,,2022-07-01 23:25:40,2022-07-01 19:25:40
82780,411,01-07-2022,1656717947,F01,plaza,C,184,103,206,5347,-72.06828333333333,-45.564995,sesion,,2022-07-01 23:25:50,2022-07-01 19:25:50
82781,412,01-07-2022,1656717953,F01,plaza,C,206,120,225,5348,-72.06828333333333,-45.564995,sesion,,2022-07-01 23:25:50,2022-07-01 19:25:50
82782,413,01-07-2022,1656717958,F01,plaza,C,225,133,248,5348,-72.06828333333333,-45.564995,sesion,,2022-07-01 23:26:00,2022-07-01 19:26:00
82783,414,01-07-2022,1656717963,F01,plaza,C,217,129,245,5348,-72.06828333333333,-45.564995,sesion,,2022-07-01 23:26:00,2022-07-01 19:26:00
82784,415,01-07-2022,1656717969,F01,plaza,C,217,126,243,5347,-72.06828333333333,-45.564995,sesion,,2022-07-01 23:26:10,2022-07-01 19:26:10
82785,416,01-07-2022,1656717974,F01,plaza,C,219,125,243,5347,-72.06828333333333,-45.564995,sesion,,2022-07-01 23:26:10,2022-07-01 19:26:10
82786,417,01-07-2022,1656717979,F01,plaza,C,219,124,241,5347,-72.06828333333333,-45.564995,sesion,,2022-07-01 23:26:20,2022-07-01 19:26:20
82787,418,01-07-2022,1656717985,F01,plaza,C,204,113,223,5348,-72.06828333333333,-45.564995,sesion,,2022-07-01 23:26:20,2022-07-01 19:26:20
82788,419,01-07-2022,1656717990,F01,plaza,C,175,101,191,5349,-72.0683,-45.56511833333334,sesion,,2022-07-01 23:26:30,2022-07-01 19:26:30
82789,420,01-07-2022,1656717995,F01,plaza,C,184,101,201,5347,-72.0683,-45.56511833333334,sesion,,2022-07-01 23:26:40,2022-07-01 19:26:40
82790,421,01-07-2022,1656718001,F01,plaza,C,186,103,208,5347,-72.0683,-45.56511833333334,sesion,,2022-07-01 23:26:40,2022-07-01 19:26:40
82791,422,01-07-2022,1656718006,F01,plaza,C,193,104,214,5347,-72.0683,-45.56511833333334,sesion,,2022-07-01 23:26:50,2022-07-01 19:26:50
82792,423,01-07-2022,1656718011,F01,plaza,C,183,99,202,5346,-72.0683,-45.56511833333334,sesion,,2022-07-01 23:26:50,2022-07-01 19:26:50
82793,424,01-07-2022,1656718017,F01,plaza,C,170,94,190,5347,-72.0683,-45.56511833333334,sesion,,2022-07-01 23:27:00,2022-07-01 19:27:00
82794,425,01-07-2022,1656718022,F01,plaza,C,157,88,172,5347,-72.0683,-45.56511833333334,sesion,,2022-07-01 23:27:00,2022-07-01 19:27:00
82795,426,01-07-2022,1656718028,F01,plaza,C,149,84,165,5347,-72.0683,-45.56511833333334,sesion,,2022-07-01 23:27:10,2022-07-01 19:27:10
82796,427,01-07-2022,1656718033,F01,plaza,C,132,77,147,5348,-72.06672166666667,-45.56468333333334,sesion,,2022-07-01 23:27:10,2022-07-01 19:27:10
82797,428,01-07-2022,1656718038,F01,plaza,C,135,82,150,5348,-72.06672166666667,-45.56468333333334,sesion,,2022-07-01 23:27:20,2022-07-01 19:27:20
82798,429,01-07-2022,1656718044,F01,plaza,C,134,82,148,5348,-72.06672166666667,-45.56468333333334,sesion,,2022-07-01 23:27:20,2022-07-01 19:27:20
82799,430,01-07-2022,1656718049,F01,plaza,C,137,85,150,5347,-72.06672166666667,-45.56468333333334,sesion,,2022-07-01 23:27:30,2022-07-01 19:27:30
82800,431,01-07-2022,1656718054,F01,plaza,C,141,87,155,5347,-72.06672166666667,-45.56468333333334,sesion,,2022-07-01 23:27:30,2022-07-01 19:27:30
82801,432,01-07-2022,1656718060,F01,plaza,C,149,91,158,5347,-72.06672166666667,-45.56468333333334,sesion,,2022-07-01 23:27:40,2022-07-01 19:27:40
82802,433,01-07-2022,1656718065,F01,plaza,C,151,91,159,5347,-72.06672166666667,-45.56468333333334,sesion,,2022-07-01 23:27:40,2022-07-01 19:27:40
82803,434,01-07-2022,1656718070,F01,plaza,C,152,92,161,5347,-72.06672166666667,-45.56468333333334,sesion,,2022-07-01 23:27:50,2022-07-01 19:27:50
82804,435,01-07-2022,1656718076,F01,plaza,C,155,93,167,5348,-72.06672166666667,-45.56468333333334,sesion,,2022-07-01 23:28:00,2022-07-01 19:28:00
82805,436,01-07-2022,1656718081,F01,plaza,C,163,98,174,5347,-72.06716833333333,-45.56513666666667,sesion,,2022-07-01 23:28:00,2022-07-01 19:28:00
82806,437,01-07-2022,1656718086,F01,plaza,C,169,102,181,5348,-72.06716833333333,-45.56513666666667,sesion,,2022-07-01 23:28:10,2022-07-01 19:28:10
82807,438,01-07-2022,1656718092,F01,plaza,C,170,101,186,5348,-72.06716833333333,-45.56513666666667,sesion,,2022-07-01 23:28:10,2022-07-01 19:28:10
82808,439,01-07-2022,1656718097,F01,plaza,C,181,106,194,5347,-72.06716833333333,-45.56513666666667,sesion,,2022-07-01 23:28:20,2022-07-01 19:28:20
82809,440,01-07-2022,1656718102,F01,plaza,C,194,113,211,5347,-72.06716833333333,-45.56513666666667,sesion,,2022-07-01 23:28:20,2022-07-01 19:28:20
82810,441,01-07-2022,1656718108,F01,plaza,C,201,117,218,5348,-72.06716833333333,-45.56513666666667,sesion,,2022-07-01 23:28:30,2022-07-01 19:28:30
82811,442,01-07-2022,1656718113,F01,plaza,C,216,125,242,5347,-72.06716833333333,-45.56513666666667,sesion,,2022-07-01 23:28:30,2022-07-01 19:28:30
82812,443,01-07-2022,1656718118,F01,plaza,C,210,123,231,5347,-72.06716833333333,-45.56513666666667,sesion,,2022-07-01 23:28:40,2022-07-01 19:28:40
82813,444,01-07-2022,1656718124,F01,plaza,C,201,116,218,5347,-72.06717333333333,-45.56541000000001,sesion,,2022-07-01 23:28:40,2022-07-01 19:28:40
82814,445,01-07-2022,1656718129,F01,plaza,C,196,114,216,5347,-72.06717333333333,-45.56541000000001,sesion,,2022-07-01 23:28:50,2022-07-01 19:28:50
82815,446,01-07-2022,1656718134,F01,plaza,C,205,118,222,5347,-72.06717333333333,-45.56541000000001,sesion,,2022-07-01 23:28:50,2022-07-01 19:28:50
82816,447,01-07-2022,1656718140,F01,plaza,C,211,120,228,5347,-72.06717333333333,-45.56541000000001,sesion,,2022-07-01 23:29:00,2022-07-01 19:29:00
82817,448,01-07-2022,1656718145,F01,plaza,C,232,131,257,5348,-72.06717333333333,-45.56541000000001,sesion,,2022-07-01 23:29:00,2022-07-01 19:29:00
82818,449,01-07-2022,1656718151,F01,plaza,C,239,132,276,5348,-72.06717333333333,-45.56541000000001,sesion,,2022-07-01 23:29:10,2022-07-01 19:29:10
82819,450,01-07-2022,1656718156,F01,plaza,C,237,134,276,5347,-72.06717333333333,-45.56541000000001,sesion,,2022-07-01 23:29:20,2022-07-01 19:29:20
82820,451,01-07-2022,1656718161,F01,plaza,C,234,132,279,5348,-72.06717333333333,-45.56541000000001,sesion,,2022-07-01 23:29:20,2022-07-01 19:29:20
82821,452,01-07-2022,1656718167,F01,plaza,C,228,129,269,5347,-72.06717333333333,-45.56541000000001,sesion,,2022-07-01 23:29:30,2022-07-01 19:29:30
82822,453,01-07-2022,1656718172,F01,plaza,C,212,123,249,5347,-72.064575,-45.56530666666666,sesion,,2022-07-01 23:29:30,2022-07-01 19:29:30
82823,454,01-07-2022,1656718177,F01,plaza,C,203,120,227,5346,-72.064575,-45.56530666666666,sesion,,2022-07-01 23:29:40,2022-07-01 19:29:40
82824,455,01-07-2022,1656718183,F01,plaza,C,210,124,233,5347,-72.064575,-45.56530666666666,sesion,,2022-07-01 23:29:40,2022-07-01 19:29:40
82825,456,01-07-2022,1656718188,F01,plaza,C,208,124,234,5348,-72.064575,-45.56530666666666,sesion,,2022-07-01 23:29:50,2022-07-01 19:29:50
82826,457,01-07-2022,1656718193,F01,plaza,C,206,122,231,5347,-72.064575,-45.56530666666666,sesion,,2022-07-01 23:29:50,2022-07-01 19:29:50
82827,458,01-07-2022,1656718199,F01,plaza,C,209,123,237,5346,-72.064575,-45.56530666666666,sesion,,2022-07-01 23:30:00,2022-07-01 19:30:00
82828,459,01-07-2022,1656718204,F01,plaza,C,210,122,241,5348,-72.064575,-45.56530666666666,sesion,,2022-07-01 23:30:00,2022-07-01 19:30:00
82829,460,01-07-2022,1656718209,F01,plaza,C,208,120,239,5347,-72.064575,-45.56530666666666,sesion,,2022-07-01 23:30:10,2022-07-01 19:30:10
82830,461,01-07-2022,1656718215,F01,plaza,C,222,125,245,5348,-72.06640333333333,-45.56581333333334,sesion,,2022-07-01 23:30:20,2022-07-01 19:30:20
82831,462,01-07-2022,1656718220,F01,plaza,C,223,125,243,5346,-72.06640333333333,-45.56581333333334,sesion,,2022-07-01 23:30:20,2022-07-01 19:30:20
82832,463,01-07-2022,1656718225,F01,plaza,C,213,120,228,5348,-72.06640333333333,-45.56581333333334,sesion,,2022-07-01 23:30:20,2022-07-01 19:30:20
82833,464,01-07-2022,1656718231,F01,plaza,C,207,118,224,5348,-72.06640333333333,-45.56581333333334,sesion,,2022-07-01 23:30:30,2022-07-01 19:30:30
82834,465,01-07-2022,1656718236,F01,plaza,C,201,114,215,5347,-72.06640333333333,-45.56581333333334,sesion,,2022-07-01 23:30:40,2022-07-01 19:30:40
82835,466,01-07-2022,1656718241,F01,plaza,C,190,107,202,5348,-72.06640333333333,-45.56581333333334,sesion,,2022-07-01 23:30:40,2022-07-01 19:30:40
82836,467,01-07-2022,1656718247,F01,plaza,C,196,109,213,5347,-72.06640333333333,-45.56581333333334,sesion,,2022-07-01 23:30:50,2022-07-01 19:30:50
82837,468,01-07-2022,1656718252,F01,plaza,C,212,123,235,5347,-72.06640333333333,-45.56581333333334,sesion,,2022-07-01 23:30:50,2022-07-01 19:30:50
82838,469,01-07-2022,1656718257,F01,plaza,C,220,125,244,5348,-72.06640333333333,-45.56581333333334,sesion,,2022-07-01 23:31:00,2022-07-01 19:31:00
82839,470,01-07-2022,1656718263,F01,plaza,C,211,119,239,5349,-72.06601500000002,-45.56592666666667,sesion,,2022-07-01 23:31:00,2022-07-01 19:31:00
82840,471,01-07-2022,1656718268,F01,plaza,C,203,119,230,5347,-72.06601500000002,-45.56592666666667,sesion,,2022-07-01 23:31:10,2022-07-01 19:31:10
82841,472,01-07-2022,1656718273,F01,plaza,C,201,116,231,5348,-72.06601500000002,-45.56592666666667,sesion,,2022-07-01 23:31:10,2022-07-01 19:31:10
82842,473,01-07-2022,1656718279,F01,plaza,C,193,113,223,5347,-72.06601500000002,-45.56592666666667,sesion,,2022-07-01 23:31:20,2022-07-01 19:31:20
82843,474,01-07-2022,1656718284,F01,plaza,C,182,107,212,5347,-72.06601500000002,-45.56592666666667,sesion,,2022-07-01 23:31:20,2022-07-01 19:31:20
82844,475,01-07-2022,1656718290,F01,plaza,C,170,100,199,5347,-72.06601500000002,-45.56592666666667,sesion,,2022-07-01 23:31:30,2022-07-01 19:31:30
82845,476,01-07-2022,1656718295,F01,plaza,C,161,96,191,5347,-72.06601500000002,-45.56592666666667,sesion,,2022-07-01 23:31:40,2022-07-01 19:31:40
82846,477,01-07-2022,1656718300,F01,plaza,C,158,94,184,5347,-72.06601500000002,-45.56592666666667,sesion,,2022-07-01 23:31:40,2022-07-01 19:31:40
82847,478,01-07-2022,1656718306,F01,plaza,C,151,89,168,5347,-72.06601500000002,-45.56592666666667,sesion,,2022-07-01 23:31:50,2022-07-01 19:31:50
82848,479,01-07-2022,1656718311,F01,plaza,C,156,89,174,5346,-72.06601500000002,-45.56592666666667,sesion,,2022-07-01 23:31:50,2022-07-01 19:31:50
82849,480,01-07-2022,1656718316,F01,plaza,C,152,88,171,5347,-72.06601500000002,-45.56592666666667,sesion,,2022-07-01 23:32:00,2022-07-01 19:32:00
82850,481,01-07-2022,1656718322,F01,plaza,C,151,86,168,5346,-72.06601500000002,-45.56592666666667,sesion,,2022-07-01 23:32:00,2022-07-01 19:32:00
82851,482,01-07-2022,1656718327,F01,plaza,C,146,84,163,5347,-72.06601500000002,-45.56592666666667,sesion,,2022-07-01 23:32:10,2022-07-01 19:32:10
82852,483,01-07-2022,1656718332,F01,plaza,C,127,73,146,5348,-72.06601500000002,-45.56592666666667,sesion,,2022-07-01 23:32:10,2022-07-01 19:32:10
82853,484,01-07-2022,1656718338,F01,plaza,C,120,72,135,5348,-72.06601500000002,-45.56592666666667,sesion,,2022-07-01 23:32:20,2022-07-01 19:32:20
82854,485,01-07-2022,1656718343,F01,plaza,C,129,74,143,5348,-72.06601500000002,-45.56592666666667,sesion,,2022-07-01 23:32:20,2022-07-01 19:32:20
82855,486,01-07-2022,1656718348,F01,plaza,C,129,75,143,5347,-72.06601500000002,-45.56592666666667,sesion,,2022-07-01 23:32:30,2022-07-01 19:32:30
82856,487,01-07-2022,1656718354,F01,plaza,C,129,76,144,5347,-72.06555833333333,-45.56627833333334,sesion,,2022-07-01 23:32:30,2022-07-01 19:32:30
82857,488,01-07-2022,1656718359,F01,plaza,C,133,77,148,5348,-72.06555833333333,-45.56627833333334,sesion,,2022-07-01 23:32:40,2022-07-01 19:32:40
82858,489,01-07-2022,1656718364,F01,plaza,C,140,80,155,5347,-72.06555833333333,-45.56627833333334,sesion,,2022-07-01 23:32:40,2022-07-01 19:32:40
82859,490,01-07-2022,1656718370,F01,plaza,C,146,84,162,5347,-72.06555833333333,-45.56627833333334,sesion,,2022-07-01 23:32:50,2022-07-01 19:32:50
82860,491,01-07-2022,1656718375,F01,plaza,C,145,86,161,5347,-72.06555833333333,-45.56627833333334,sesion,,2022-07-01 23:33:00,2022-07-01 19:33:00
82861,492,01-07-2022,1656718380,F01,plaza,C,152,88,170,5347,-72.06555833333333,-45.56627833333334,sesion,,2022-07-01 23:33:00,2022-07-01 19:33:00
82862,493,01-07-2022,1656718386,F01,plaza,C,148,84,158,5348,-72.06555833333333,-45.56627833333334,sesion,,2022-07-01 23:33:10,2022-07-01 19:33:10
82863,494,01-07-2022,1656718391,F01,plaza,C,150,84,165,5348,-72.06555833333333,-45.56627833333334,sesion,,2022-07-01 23:33:10,2022-07-01 19:33:10
82864,495,01-07-2022,1656718396,F01,plaza,C,146,82,170,5347,-72.06555833333333,-45.56627833333334,sesion,,2022-07-01 23:33:20,2022-07-01 19:33:20
82865,496,01-07-2022,1656718402,F01,plaza,C,141,79,170,5347,-72.06555833333333,-45.56627833333334,sesion,,2022-07-01 23:33:20,2022-07-01 19:33:20
82866,497,01-07-2022,1656718407,F01,plaza,C,136,75,157,5348,-72.06511166666667,-45.56675666666667,sesion,,2022-07-01 23:33:30,2022-07-01 19:33:30
82867,498,01-07-2022,1656718413,F01,plaza,C,140,81,162,5347,-72.06511166666667,-45.56675666666667,sesion,,2022-07-01 23:33:30,2022-07-01 19:33:30
82868,499,01-07-2022,1656718418,F01,plaza,C,129,74,151,5347,-72.06511166666667,-45.56675666666667,sesion,,2022-07-01 23:33:40,2022-07-01 19:33:40
82869,500,01-07-2022,1656718423,F01,plaza,C,109,66,124,5347,-72.06511166666667,-45.56675666666667,sesion,,2022-07-01 23:33:40,2022-07-01 19:33:40
82870,501,01-07-2022,1656718429,F01,plaza,C,101,62,107,5347,-72.06511166666667,-45.56675666666667,sesion,,2022-07-01 23:33:50,2022-07-01 19:33:50
82871,502,01-07-2022,1656718434,F01,plaza,C,105,64,110,5348,-72.06511166666667,-45.56675666666667,sesion,,2022-07-01 23:33:50,2022-07-01 19:33:50
82872,503,01-07-2022,1656718439,F01,plaza,C,109,66,116,5348,-72.06511166666667,-45.56675666666667,sesion,,2022-07-01 23:34:00,2022-07-01 19:34:00
82873,504,01-07-2022,1656718445,F01,plaza,C,111,67,116,5347,-72.06511166666667,-45.56675666666667,sesion,,2022-07-01 23:34:00,2022-07-01 19:34:00
82874,505,01-07-2022,1656718450,F01,plaza,C,120,70,127,5347,-72.06566,-45.56707166666667,sesion,,2022-07-01 23:34:10,2022-07-01 19:34:10
82875,506,01-07-2022,1656718455,F01,plaza,C,127,75,139,5347,-72.06566,-45.56707166666667,sesion,,2022-07-01 23:34:20,2022-07-01 19:34:20
82876,507,01-07-2022,1656718461,F01,plaza,C,135,79,150,5347,-72.06566,-45.56707166666667,sesion,,2022-07-01 23:34:20,2022-07-01 19:34:20
82877,508,01-07-2022,1656718466,F01,plaza,C,141,82,159,5347,-72.06566,-45.56707166666667,sesion,,2022-07-01 23:34:30,2022-07-01 19:34:30
82878,509,01-07-2022,1656718471,F01,plaza,C,165,93,185,5348,-72.06566,-45.56707166666667,sesion,,2022-07-01 23:34:30,2022-07-01 19:34:30
82879,510,01-07-2022,1656718477,F01,plaza,C,202,113,222,5348,-72.06566,-45.56707166666667,sesion,,2022-07-01 23:34:40,2022-07-01 19:34:40
82880,511,01-07-2022,1656718482,F01,plaza,C,202,112,222,5346,-72.06566,-45.56707166666667,sesion,,2022-07-01 23:34:40,2022-07-01 19:34:40
82881,512,01-07-2022,1656718487,F01,plaza,C,183,103,199,5348,-72.06566,-45.56707166666667,sesion,,2022-07-01 23:34:50,2022-07-01 19:34:50
82882,513,01-07-2022,1656718493,F01,plaza,C,197,110,215,5347,-72.06608166666666,-45.56694000000001,sesion,,2022-07-01 23:34:50,2022-07-01 19:34:50
82883,514,01-07-2022,1656718498,F01,plaza,C,212,117,231,5348,-72.06608166666666,-45.56694000000001,sesion,,2022-07-01 23:35:00,2022-07-01 19:35:00
82884,515,01-07-2022,1656718503,F01,plaza,C,210,118,224,5347,-72.06608166666666,-45.56694000000001,sesion,,2022-07-01 23:35:00,2022-07-01 19:35:00
82885,516,01-07-2022,1656718509,F01,plaza,C,203,113,220,5346,-72.06608166666666,-45.56694000000001,sesion,,2022-07-01 23:35:10,2022-07-01 19:35:10
82886,517,01-07-2022,1656718514,F01,plaza,C,201,113,218,5347,-72.06608166666666,-45.56694000000001,sesion,,2022-07-01 23:35:10,2022-07-01 19:35:10
82887,518,01-07-2022,1656718519,F01,plaza,C,206,115,227,5347,-72.06608166666666,-45.56694000000001,sesion,,2022-07-01 23:35:20,2022-07-01 19:35:20
82888,519,01-07-2022,1656718525,F01,plaza,C,208,115,229,5347,-72.06608166666666,-45.56694000000001,sesion,,2022-07-01 23:35:20,2022-07-01 19:35:20
82889,520,01-07-2022,1656718530,F01,plaza,C,209,116,239,5347,-72.06608166666666,-45.56694000000001,sesion,,2022-07-01 23:35:30,2022-07-01 19:35:30
82890,521,01-07-2022,1656718536,F01,plaza,C,208,117,239,5349,-72.06608166666666,-45.56694000000001,sesion,,2022-07-01 23:35:40,2022-07-01 19:35:40
82891,522,01-07-2022,1656718541,F01,plaza,C,208,117,242,5347,-72.06402166666666,-45.56700166666666,sesion,,2022-07-01 23:35:40,2022-07-01 19:35:40
82892,523,01-07-2022,1656718546,F01,plaza,C,162,93,189,5347,-72.06402166666666,-45.56700166666666,sesion,,2022-07-01 23:35:50,2022-07-01 19:35:50
82893,524,01-07-2022,1656718552,F01,plaza,C,140,80,159,5347,-72.06402166666666,-45.56700166666666,sesion,,2022-07-01 23:35:50,2022-07-01 19:35:50
82894,525,01-07-2022,1656718557,F01,plaza,C,164,93,185,5346,-72.06402166666666,-45.56700166666666,sesion,,2022-07-01 23:36:00,2022-07-01 19:36:00
82895,526,01-07-2022,1656718562,F01,plaza,C,157,90,174,5347,-72.06402166666666,-45.56700166666666,sesion,,2022-07-01 23:36:00,2022-07-01 19:36:00
82896,527,01-07-2022,1656718568,F01,plaza,C,132,77,148,5347,-72.06402166666666,-45.56700166666666,sesion,,2022-07-01 23:36:10,2022-07-01 19:36:10
82897,528,01-07-2022,1656718573,F01,plaza,C,118,71,133,5347,-72.06402166666666,-45.56700166666666,sesion,,2022-07-01 23:36:10,2022-07-01 19:36:10
82898,529,01-07-2022,1656718578,F01,plaza,C,96,57,105,5348,-72.06402166666666,-45.56700166666666,sesion,,2022-07-01 23:36:20,2022-07-01 19:36:20
82899,530,01-07-2022,1656718584,F01,plaza,C,64,39,78,5347,-72.066125,-45.56768999999999,sesion,,2022-07-01 23:36:20,2022-07-01 19:36:20
82900,531,01-07-2022,1656718589,F01,plaza,C,66,39,80,5348,-72.066125,-45.56768999999999,sesion,,2022-07-01 23:36:30,2022-07-01 19:36:30
82901,532,01-07-2022,1656718594,F01,plaza,C,63,39,78,5346,-72.066125,-45.56768999999999,sesion,,2022-07-01 23:36:30,2022-07-01 19:36:30
82902,533,01-07-2022,1656718600,F01,plaza,C,61,38,76,5347,-72.066125,-45.56768999999999,sesion,,2022-07-01 23:36:40,2022-07-01 19:36:40
82903,534,01-07-2022,1656718605,F01,plaza,C,57,33,72,5348,-72.066125,-45.56768999999999,sesion,,2022-07-01 23:36:40,2022-07-01 19:36:40
82904,535,01-07-2022,1656718610,F01,plaza,C,50,29,65,5348,-72.066125,-45.56768999999999,sesion,,2022-07-01 23:36:50,2022-07-01 19:36:50
82905,536,01-07-2022,1656718616,F01,plaza,C,44,26,53,5348,-72.066125,-45.56768999999999,sesion,,2022-07-01 23:37:00,2022-07-01 19:37:00
82906,537,01-07-2022,1656718621,F01,plaza,C,48,27,55,5347,-72.066125,-45.56768999999999,sesion,,2022-07-01 23:37:00,2022-07-01 19:37:00
82907,538,01-07-2022,1656718626,F01,plaza,C,52,32,62,5347,-72.066125,-45.56768999999999,sesion,,2022-07-01 23:37:10,2022-07-01 19:37:10
82908,539,01-07-2022,1656718632,F01,plaza,C,52,33,63,5348,-72.066125,-45.56768999999999,sesion,,2022-07-01 23:37:10,2022-07-01 19:37:10
82909,540,01-07-2022,1656718637,F01,plaza,C,55,34,67,5347,-72.066125,-45.56768999999999,sesion,,2022-07-01 23:37:20,2022-07-01 19:37:20
82910,541,01-07-2022,1656718642,F01,plaza,C,58,36,74,5347,-72.066125,-45.56768999999999,sesion,,2022-07-01 23:37:20,2022-07-01 19:37:20
82911,542,01-07-2022,1656718648,F01,plaza,C,61,39,79,5348,-72.06589666666667,-45.56812333333334,sesion,,2022-07-01 23:37:30,2022-07-01 19:37:30
82912,543,01-07-2022,1656718653,F01,plaza,C,63,39,80,5347,-72.06589666666667,-45.56812333333334,sesion,,2022-07-01 23:37:30,2022-07-01 19:37:30
82913,544,01-07-2022,1656718659,F01,plaza,C,61,39,77,5348,-72.06589666666667,-45.56812333333334,sesion,,2022-07-01 23:37:40,2022-07-01 19:37:40
82914,545,01-07-2022,1656718664,F01,plaza,C,58,36,72,5347,-72.06589666666667,-45.56812333333334,sesion,,2022-07-01 23:37:40,2022-07-01 19:37:40
82915,546,01-07-2022,1656718669,F01,plaza,C,56,33,68,5348,-72.06589666666667,-45.56812333333334,sesion,,2022-07-01 23:37:50,2022-07-01 19:37:50
82916,547,01-07-2022,1656718675,F01,plaza,C,47,28,57,5347,-72.06589666666667,-45.56812333333334,sesion,,2022-07-01 23:38:00,2022-07-01 19:38:00
82917,548,01-07-2022,1656718680,F01,plaza,C,42,26,49,5348,-72.06589666666667,-45.56812333333334,sesion,,2022-07-01 23:38:00,2022-07-01 19:38:00
82918,549,01-07-2022,1656718685,F01,plaza,C,44,26,55,5347,-72.06589666666667,-45.56812333333334,sesion,,2022-07-01 23:38:00,2022-07-01 19:38:00
82919,550,01-07-2022,1656718691,F01,plaza,C,49,28,62,5346,-72.06589666666667,-45.56812333333334,sesion,,2022-07-01 23:38:10,2022-07-01 19:38:10
82920,551,01-07-2022,1656718696,F01,plaza,C,49,28,60,5347,-72.06527,-45.56803833333333,sesion,,2022-07-01 23:38:20,2022-07-01 19:38:20
82921,552,01-07-2022,1656718701,F01,plaza,C,49,28,59,5347,-72.06527,-45.56803833333333,sesion,,2022-07-01 23:38:20,2022-07-01 19:38:20
82922,553,01-07-2022,1656718707,F01,plaza,C,49,28,59,5348,-72.06527,-45.56803833333333,sesion,,2022-07-01 23:38:30,2022-07-01 19:38:30
82923,554,01-07-2022,1656718712,F01,plaza,C,48,28,60,5348,-72.06527,-45.56803833333333,sesion,,2022-07-01 23:38:30,2022-07-01 19:38:30
82924,555,01-07-2022,1656718717,F01,plaza,C,49,30,63,5347,-72.06527,-45.56803833333333,sesion,,2022-07-01 23:38:40,2022-07-01 19:38:40
82925,556,01-07-2022,1656718723,F01,plaza,C,49,30,62,5347,-72.06527,-45.56803833333333,sesion,,2022-07-01 23:38:40,2022-07-01 19:38:40
82926,557,01-07-2022,1656718728,F01,plaza,C,50,29,62,5346,-72.06527,-45.56803833333333,sesion,,2022-07-01 23:38:50,2022-07-01 19:38:50
82927,558,01-07-2022,1656718733,F01,plaza,C,48,28,58,5347,-72.06527,-45.56803833333333,sesion,,2022-07-01 23:38:50,2022-07-01 19:38:50
82928,559,01-07-2022,1656718739,F01,plaza,C,48,28,58,5347,-72.06527,-45.56803833333333,sesion,,2022-07-01 23:39:00,2022-07-01 19:39:00
82929,560,01-07-2022,1656718744,F01,plaza,C,51,30,62,5347,-72.06534333333335,-45.56834333333333,sesion,,2022-07-01 23:39:00,2022-07-01 19:39:00
82930,561,01-07-2022,1656718749,F01,plaza,C,51,30,63,5347,-72.06534333333335,-45.56834333333333,sesion,,2022-07-01 23:39:10,2022-07-01 19:39:10
82931,562,01-07-2022,1656718755,F01,plaza,C,54,32,67,5347,-72.06534333333335,-45.56834333333333,sesion,,2022-07-01 23:39:20,2022-07-01 19:39:20
82932,563,01-07-2022,1656718760,F01,plaza,C,55,33,72,5347,-72.06534333333335,-45.56834333333333,sesion,,2022-07-01 23:39:20,2022-07-01 19:39:20
82933,564,01-07-2022,1656718765,F01,plaza,C,55,34,73,5347,-72.06534333333335,-45.56834333333333,sesion,,2022-07-01 23:39:20,2022-07-01 19:39:20
82934,565,01-07-2022,1656718771,F01,plaza,C,73,45,89,5347,-72.06534333333335,-45.56834333333333,sesion,,2022-07-01 23:39:30,2022-07-01 19:39:30
82935,566,01-07-2022,1656718776,F01,plaza,C,104,60,111,5348,-72.06534333333335,-45.56834333333333,sesion,,2022-07-01 23:39:40,2022-07-01 19:39:40
82936,567,01-07-2022,1656718781,F01,plaza,C,103,59,108,5347,-72.06534333333335,-45.56834333333333,sesion,,2022-07-01 23:39:40,2022-07-01 19:39:40
82937,568,01-07-2022,1656718787,F01,plaza,C,94,54,100,5346,-72.06534333333335,-45.56834333333333,sesion,,2022-07-01 23:39:50,2022-07-01 19:39:50
82938,569,01-07-2022,1656718792,F01,plaza,C,117,67,128,5347,-72.06534333333335,-45.56834333333333,sesion,,2022-07-01 23:39:50,2022-07-01 19:39:50
82939,570,01-07-2022,1656718798,F01,plaza,C,147,86,168,5347,-72.06534333333335,-45.56834333333333,sesion,,2022-07-01 23:40:00,2022-07-01 19:40:00
82940,571,01-07-2022,1656718803,F01,plaza,C,163,89,178,5345,-72.06534333333335,-45.56834333333333,sesion,,2022-07-01 23:40:00,2022-07-01 19:40:00
82941,572,01-07-2022,1656718808,F01,plaza,C,165,91,179,5346,-72.06534333333335,-45.56834333333333,sesion,,2022-07-01 23:40:10,2022-07-01 19:40:10
82942,573,01-07-2022,1656718814,F01,plaza,C,167,92,181,5348,-72.06534333333335,-45.56834333333333,sesion,,2022-07-01 23:40:10,2022-07-01 19:40:10
82943,574,01-07-2022,1656718819,F01,plaza,C,169,91,180,5346,-72.06534333333335,-45.56834333333333,sesion,,2022-07-01 23:40:20,2022-07-01 19:40:20
82944,575,01-07-2022,1656718824,F01,plaza,C,162,95,182,5348,-72.06534333333335,-45.56834333333333,sesion,,2022-07-01 23:40:20,2022-07-01 19:40:20
82945,576,01-07-2022,1656718830,F01,plaza,C,157,94,170,5347,-72.06534333333335,-45.56834333333333,sesion,,2022-07-01 23:40:30,2022-07-01 19:40:30
82946,577,01-07-2022,1656718835,F01,plaza,C,156,92,170,5348,-72.06547666666667,-45.56880666666666,sesion,,2022-07-01 23:40:40,2022-07-01 19:40:40
82947,578,01-07-2022,1656718840,F01,plaza,C,149,86,164,5347,-72.06547666666667,-45.56880666666666,sesion,,2022-07-01 23:40:40,2022-07-01 19:40:40
82948,579,01-07-2022,1656718846,F01,plaza,C,160,92,170,5346,-72.06547666666667,-45.56880666666666,sesion,,2022-07-01 23:40:50,2022-07-01 19:40:50
82949,580,01-07-2022,1656718851,F01,plaza,C,164,94,178,5347,-72.06547666666667,-45.56880666666666,sesion,,2022-07-01 23:40:50,2022-07-01 19:40:50
82950,581,01-07-2022,1656718856,F01,plaza,C,166,95,184,5347,-72.06547666666667,-45.56880666666666,sesion,,2022-07-01 23:41:00,2022-07-01 19:41:00
82951,582,01-07-2022,1656718862,F01,plaza,C,162,94,178,5347,-72.06547666666667,-45.56880666666666,sesion,,2022-07-01 23:41:00,2022-07-01 19:41:00
82952,583,01-07-2022,1656718867,F01,plaza,C,168,99,186,5347,-72.06547666666667,-45.56880666666666,sesion,,2022-07-01 23:41:10,2022-07-01 19:41:10
82953,584,01-07-2022,1656718872,F01,plaza,C,166,98,185,5347,-72.06547666666667,-45.56880666666666,sesion,,2022-07-01 23:41:10,2022-07-01 19:41:10
82954,585,01-07-2022,1656718878,F01,plaza,C,163,97,186,5345,-72.06547666666667,-45.56880666666666,sesion,,2022-07-01 23:41:20,2022-07-01 19:41:20
82955,586,01-07-2022,1656718883,F01,plaza,C,168,100,188,5348,-72.06547666666667,-45.56880666666666,sesion,,2022-07-01 23:41:20,2022-07-01 19:41:20
82956,587,01-07-2022,1656718888,F01,plaza,C,144,85,160,5346,-72.06547666666667,-45.56880666666666,sesion,,2022-07-01 23:41:30,2022-07-01 19:41:30
82957,588,01-07-2022,1656718894,F01,plaza,C,98,58,110,5348,-72.06584166666667,-45.56917,sesion,,2022-07-01 23:41:30,2022-07-01 19:41:30
82958,589,01-07-2022,1656718899,F01,plaza,C,89,53,105,5347,-72.06584166666667,-45.56917,sesion,,2022-07-01 23:41:40,2022-07-01 19:41:40
82959,590,01-07-2022,1656718904,F01,plaza,C,114,69,129,5347,-72.06584166666667,-45.56917,sesion,,2022-07-01 23:41:40,2022-07-01 19:41:40
82960,591,01-07-2022,1656718910,F01,plaza,C,127,77,140,5348,-72.06584166666667,-45.56917,sesion,,2022-07-01 23:41:50,2022-07-01 19:41:50
82961,592,01-07-2022,1656718915,F01,plaza,C,126,75,137,5346,-72.06584166666667,-45.56917,sesion,,2022-07-01 23:42:00,2022-07-01 19:42:00
82962,593,01-07-2022,1656718921,F01,plaza,C,126,76,140,5348,-72.06584166666667,-45.56917,sesion,,2022-07-01 23:42:00,2022-07-01 19:42:00
82963,594,01-07-2022,1656718926,F01,plaza,C,116,70,132,5346,-72.06584166666667,-45.56917,sesion,,2022-07-01 23:42:10,2022-07-01 19:42:10
82964,595,01-07-2022,1656718931,F01,plaza,C,102,61,116,5347,-72.06584166666667,-45.56917,sesion,,2022-07-01 23:42:10,2022-07-01 19:42:10
82965,596,01-07-2022,1656718937,F01,plaza,C,87,50,97,5347,-72.06584166666667,-45.56917,sesion,,2022-07-01 23:42:20,2022-07-01 19:42:20
82966,597,01-07-2022,1656718942,F01,plaza,C,74,42,89,5348,-72.06584166666667,-45.56917,sesion,,2022-07-01 23:42:20,2022-07-01 19:42:20
82967,598,01-07-2022,1656718947,F01,plaza,C,56,34,70,5347,-72.06641833333333,-45.56958333333333,sesion,,2022-07-01 23:42:30,2022-07-01 19:42:30
82968,599,01-07-2022,1656718953,F01,plaza,C,45,28,57,5345,-72.06641833333333,-45.56958333333333,sesion,,2022-07-01 23:42:30,2022-07-01 19:42:30
82969,600,01-07-2022,1656718958,F01,plaza,C,44,26,56,5347,-72.06641833333333,-45.56958333333333,sesion,,2022-07-01 23:42:40,2022-07-01 19:42:40
82970,601,01-07-2022,1656718963,F01,plaza,C,49,28,61,5347,-72.06641833333333,-45.56958333333333,sesion,,2022-07-01 23:42:40,2022-07-01 19:42:40
82971,602,01-07-2022,1656718969,F01,plaza,C,54,32,67,5347,-72.06641833333333,-45.56958333333333,sesion,,2022-07-01 23:42:50,2022-07-01 19:42:50
82972,603,01-07-2022,1656718974,F01,plaza,C,54,32,67,5347,-72.06641833333333,-45.56958333333333,sesion,,2022-07-01 23:42:50,2022-07-01 19:42:50
82973,604,01-07-2022,1656718979,F01,plaza,C,71,43,86,5347,-72.06641833333333,-45.56958333333333,sesion,,2022-07-01 23:43:00,2022-07-01 19:43:00
82974,605,01-07-2022,1656718985,F01,plaza,C,107,64,121,5346,-72.06641833333333,-45.56958333333333,sesion,,2022-07-01 23:43:00,2022-07-01 19:43:00
82975,606,01-07-2022,1656718990,F01,plaza,C,119,71,130,5348,-72.06641833333333,-45.56958333333333,sesion,,2022-07-01 23:43:10,2022-07-01 19:43:10
82976,607,01-07-2022,1656718995,F01,plaza,C,118,69,124,5346,-72.06478833333334,-45.569695,sesion,,2022-07-01 23:43:20,2022-07-01 19:43:20
82977,608,01-07-2022,1656719001,F01,plaza,C,111,63,122,5347,-72.06478833333334,-45.569695,sesion,,2022-07-01 23:43:20,2022-07-01 19:43:20
82978,609,01-07-2022,1656719006,F01,plaza,C,109,62,123,5348,-72.06478833333334,-45.569695,sesion,,2022-07-01 23:43:30,2022-07-01 19:43:30
82979,610,01-07-2022,1656719011,F01,plaza,C,109,62,122,5348,-72.06478833333334,-45.569695,sesion,,2022-07-01 23:43:30,2022-07-01 19:43:30
82980,611,01-07-2022,1656719017,F01,plaza,C,106,62,119,5348,-72.06478833333334,-45.569695,sesion,,2022-07-01 23:43:40,2022-07-01 19:43:40
82981,612,01-07-2022,1656719022,F01,plaza,C,104,62,116,5347,-72.06478833333334,-45.569695,sesion,,2022-07-01 23:43:40,2022-07-01 19:43:40
82982,613,01-07-2022,1656719027,F01,plaza,C,90,55,95,5347,-72.06478833333334,-45.569695,sesion,,2022-07-01 23:43:50,2022-07-01 19:43:50
82983,614,01-07-2022,1656719033,F01,plaza,C,85,48,92,5346,-72.06478833333334,-45.569695,sesion,,2022-07-01 23:43:50,2022-07-01 19:43:50
82984,615,01-07-2022,1656719038,F01,plaza,C,87,49,93,5347,-72.06478833333334,-45.569695,sesion,,2022-07-01 23:44:00,2022-07-01 19:44:00
82985,616,01-07-2022,1656719043,F01,plaza,C,87,48,93,5347,-72.06478833333334,-45.569695,sesion,,2022-07-01 23:44:00,2022-07-01 19:44:00
82986,617,01-07-2022,1656719049,F01,plaza,C,67,40,82,5347,-72.06434333333333,-45.56972666666668,sesion,,2022-07-01 23:44:10,2022-07-01 19:44:10
82987,618,01-07-2022,1656719054,F01,plaza,C,63,39,80,5347,-72.06434333333333,-45.56972666666668,sesion,,2022-07-01 23:44:10,2022-07-01 19:44:10
82988,619,01-07-2022,1656719060,F01,plaza,C,58,36,72,5348,-72.06434333333333,-45.56972666666668,sesion,,2022-07-01 23:44:20,2022-07-01 19:44:20
82989,620,01-07-2022,1656719065,F01,plaza,C,55,35,69,5347,-72.06434333333333,-45.56972666666668,sesion,,2022-07-01 23:44:20,2022-07-01 19:44:20
82990,621,01-07-2022,1656719070,F01,plaza,C,59,37,74,5347,-72.06434333333333,-45.56972666666668,sesion,,2022-07-01 23:44:30,2022-07-01 19:44:30
82991,622,01-07-2022,1656719076,F01,plaza,C,96,52,106,5347,-72.06434333333333,-45.56972666666668,sesion,,2022-07-01 23:44:40,2022-07-01 19:44:40
82992,623,01-07-2022,1656719081,F01,plaza,C,131,71,149,5348,-72.06434333333333,-45.56972666666668,sesion,,2022-07-01 23:44:40,2022-07-01 19:44:40
82993,624,01-07-2022,1656719086,F01,plaza,C,132,74,149,5347,-72.06434333333333,-45.56972666666668,sesion,,2022-07-01 23:44:50,2022-07-01 19:44:50
82994,625,01-07-2022,1656719092,F01,plaza,C,131,77,153,5346,-72.06434333333333,-45.56972666666668,sesion,,2022-07-01 23:44:50,2022-07-01 19:44:50
82995,626,01-07-2022,1656719097,F01,plaza,C,146,84,167,5348,-72.06401666666667,-45.569985,sesion,,2022-07-01 23:45:00,2022-07-01 19:45:00
82996,627,01-07-2022,1656719102,F01,plaza,C,149,86,167,5348,-72.06401666666667,-45.569985,sesion,,2022-07-01 23:45:00,2022-07-01 19:45:00
82997,628,01-07-2022,1656719108,F01,plaza,C,156,91,171,5348,-72.06401666666667,-45.569985,sesion,,2022-07-01 23:45:10,2022-07-01 19:45:10
82998,629,01-07-2022,1656719113,F01,plaza,C,157,91,164,5348,-72.06401666666667,-45.569985,sesion,,2022-07-01 23:45:10,2022-07-01 19:45:10
82999,630,01-07-2022,1656719118,F01,plaza,C,164,95,179,5347,-72.06401666666667,-45.569985,sesion,,2022-07-01 23:45:20,2022-07-01 19:45:20
83000,631,01-07-2022,1656719124,F01,plaza,C,168,96,183,5347,-72.06401666666667,-45.569985,sesion,,2022-07-01 23:45:20,2022-07-01 19:45:20
83001,632,01-07-2022,1656719129,F01,plaza,C,183,103,208,5346,-72.06401666666667,-45.569985,sesion,,2022-07-01 23:45:30,2022-07-01 19:45:30
83002,633,01-07-2022,1656719134,F01,plaza,C,230,122,265,5347,-72.06401666666667,-45.569985,sesion,,2022-07-01 23:45:30,2022-07-01 19:45:30
83003,634,01-07-2022,1656719140,F01,plaza,C,257,136,292,5345,-72.06401666666667,-45.569985,sesion,,2022-07-01 23:45:40,2022-07-01 19:45:40
83004,635,01-07-2022,1656719145,F01,plaza,C,249,131,283,5347,-72.06401666666667,-45.569985,sesion,,2022-07-01 23:45:40,2022-07-01 19:45:40
83005,636,01-07-2022,1656719150,F01,plaza,C,238,127,265,5347,-72.06411833333333,-45.570505,sesion,,2022-07-01 23:45:50,2022-07-01 19:45:50
83006,637,01-07-2022,1656719156,F01,plaza,C,190,103,211,5348,-72.06411833333333,-45.570505,sesion,,2022-07-01 23:46:00,2022-07-01 19:46:00
83007,638,01-07-2022,1656719161,F01,plaza,C,125,71,134,5347,-72.06411833333333,-45.570505,sesion,,2022-07-01 23:46:00,2022-07-01 19:46:00
83008,639,01-07-2022,1656719166,F01,plaza,C,99,56,107,5346,-72.06411833333333,-45.570505,sesion,,2022-07-01 23:46:10,2022-07-01 19:46:10
83009,640,01-07-2022,1656719172,F01,plaza,C,101,58,110,5348,-72.06411833333333,-45.570505,sesion,,2022-07-01 23:46:10,2022-07-01 19:46:10
83010,641,01-07-2022,1656719177,F01,plaza,C,81,45,90,5347,-72.06411833333333,-45.570505,sesion,,2022-07-01 23:46:20,2022-07-01 19:46:20
83011,642,01-07-2022,1656719183,F01,plaza,C,80,45,87,5347,-72.06411833333333,-45.570505,sesion,,2022-07-01 23:46:20,2022-07-01 19:46:20
83012,643,01-07-2022,1656719188,F01,plaza,C,79,46,88,5347,-72.06411833333333,-45.570505,sesion,,2022-07-01 23:46:30,2022-07-01 19:46:30
83013,644,01-07-2022,1656719193,F01,plaza,C,80,47,90,5348,-72.06411833333333,-45.570505,sesion,,2022-07-01 23:46:30,2022-07-01 19:46:30
83014,645,01-07-2022,1656719199,F01,plaza,C,78,47,87,5348,-72.06411833333333,-45.570505,sesion,,2022-07-01 23:46:40,2022-07-01 19:46:40
83015,646,01-07-2022,1656719204,F01,plaza,C,94,54,100,5347,-72.06411833333333,-45.570505,sesion,,2022-07-01 23:46:40,2022-07-01 19:46:40
83016,647,01-07-2022,1656719209,F01,plaza,C,103,60,108,5347,-72.06411833333333,-45.570505,sesion,,2022-07-01 23:46:50,2022-07-01 19:46:50
83017,648,01-07-2022,1656719215,F01,plaza,C,97,55,103,5345,-72.06411833333333,-45.570505,sesion,,2022-07-01 23:47:00,2022-07-01 19:47:00
83018,649,01-07-2022,1656719220,F01,plaza,C,71,41,83,5348,-72.06556166666667,-45.57084833333333,sesion,,2022-07-01 23:47:00,2022-07-01 19:47:00
83019,650,01-07-2022,1656719225,F01,plaza,C,68,40,80,5348,-72.06556166666667,-45.57084833333333,sesion,,2022-07-01 23:47:00,2022-07-01 19:47:00
83020,651,01-07-2022,1656719231,F01,plaza,C,98,59,101,5345,-72.06556166666667,-45.57084833333333,sesion,,2022-07-01 23:47:10,2022-07-01 19:47:10
83021,652,01-07-2022,1656719236,F01,plaza,C,110,66,121,5347,-72.06556166666667,-45.57084833333333,sesion,,2022-07-01 23:47:20,2022-07-01 19:47:20
83022,653,01-07-2022,1656719241,F01,plaza,C,101,61,113,5348,-72.06556166666667,-45.57084833333333,sesion,,2022-07-01 23:47:20,2022-07-01 19:47:20
83023,654,01-07-2022,1656719247,F01,plaza,C,93,54,105,5347,-72.06556166666667,-45.57084833333333,sesion,,2022-07-01 23:47:30,2022-07-01 19:47:30
83024,655,01-07-2022,1656719252,F01,plaza,C,102,59,113,5347,-72.06556166666667,-45.57084833333333,sesion,,2022-07-01 23:47:30,2022-07-01 19:47:30
83025,656,01-07-2022,1656719257,F01,plaza,C,96,57,103,5347,-72.06556166666667,-45.57084833333333,sesion,,2022-07-01 23:47:40,2022-07-01 19:47:40
83026,657,01-07-2022,1656719263,F01,plaza,C,106,60,116,5348,-72.06556166666667,-45.57084833333333,sesion,,2022-07-01 23:47:40,2022-07-01 19:47:40
83027,658,01-07-2022,1656719268,F01,plaza,C,121,72,139,5348,-72.06556166666667,-45.57084833333333,sesion,,2022-07-01 23:47:50,2022-07-01 19:47:50
83028,659,01-07-2022,1656719273,F01,plaza,C,154,87,176,5348,-72.06556166666667,-45.57084833333333,sesion,,2022-07-01 23:47:50,2022-07-01 19:47:50
83029,660,01-07-2022,1656719279,F01,plaza,C,172,100,189,5346,-72.067125,-45.571220000000004,sesion,,2022-07-01 23:48:00,2022-07-01 19:48:00
83030,661,01-07-2022,1656719284,F01,plaza,C,184,109,201,5347,-72.067125,-45.571220000000004,sesion,,2022-07-01 23:48:00,2022-07-01 19:48:00
83031,662,01-07-2022,1656719289,F01,plaza,C,177,108,197,5348,-72.067125,-45.571220000000004,sesion,,2022-07-01 23:48:10,2022-07-01 19:48:10
83032,663,01-07-2022,1656719295,F01,plaza,C,143,87,157,5347,-72.067125,-45.571220000000004,sesion,,2022-07-01 23:48:20,2022-07-01 19:48:20
83033,664,01-07-2022,1656719300,F01,plaza,C,115,70,127,5348,-72.067125,-45.571220000000004,sesion,,2022-07-01 23:48:20,2022-07-01 19:48:20
83034,665,01-07-2022,1656719306,F01,plaza,C,154,91,169,5347,-72.067125,-45.571220000000004,sesion,,2022-07-01 23:48:30,2022-07-01 19:48:30
83035,666,01-07-2022,1656719311,F01,plaza,C,160,93,172,5347,-72.067125,-45.571220000000004,sesion,,2022-07-01 23:48:30,2022-07-01 19:48:30
83036,667,01-07-2022,1656719316,F01,plaza,C,151,82,161,5347,-72.067125,-45.571220000000004,sesion,,2022-07-01 23:48:40,2022-07-01 19:48:40
83037,668,01-07-2022,1656719322,F01,plaza,C,149,85,159,5346,-72.067125,-45.571220000000004,sesion,,2022-07-01 23:48:40,2022-07-01 19:48:40
83038,669,01-07-2022,1656719327,F01,plaza,C,167,98,190,5347,-72.06740166666667,-45.571284999999996,sesion,,2022-07-01 23:48:50,2022-07-01 19:48:50
83039,670,01-07-2022,1656719332,F01,plaza,C,166,99,188,5345,-72.06740166666667,-45.571284999999996,sesion,,2022-07-01 23:48:50,2022-07-01 19:48:50
83040,671,01-07-2022,1656719338,F01,plaza,C,155,93,176,5347,-72.06740166666667,-45.571284999999996,sesion,,2022-07-01 23:49:00,2022-07-01 19:49:00
83041,672,01-07-2022,1656719343,F01,plaza,C,150,91,171,5347,-72.06740166666667,-45.571284999999996,sesion,,2022-07-01 23:49:00,2022-07-01 19:49:00
83042,673,01-07-2022,1656719348,F01,plaza,C,166,96,182,5348,-72.06740166666667,-45.571284999999996,sesion,,2022-07-01 23:49:10,2022-07-01 19:49:10
83043,674,01-07-2022,1656719354,F01,plaza,C,182,106,193,5348,-72.06740166666667,-45.571284999999996,sesion,,2022-07-01 23:49:10,2022-07-01 19:49:10
83044,675,01-07-2022,1656719359,F01,plaza,C,184,108,198,5348,-72.06740166666667,-45.571284999999996,sesion,,2022-07-01 23:49:20,2022-07-01 19:49:20
83045,676,01-07-2022,1656719364,F01,plaza,C,186,108,205,5347,-72.06740166666667,-45.571284999999996,sesion,,2022-07-01 23:49:20,2022-07-01 19:49:20
83046,677,01-07-2022,1656719370,F01,plaza,C,218,124,239,5348,-72.06740166666667,-45.571284999999996,sesion,,2022-07-01 23:49:30,2022-07-01 19:49:30
83047,678,01-07-2022,1656719375,F01,plaza,C,216,125,235,5348,-72.06749833333333,-45.57119,sesion,,2022-07-01 23:49:40,2022-07-01 19:49:40
83048,679,01-07-2022,1656719380,F01,plaza,C,218,124,238,5348,-72.06749833333333,-45.57119,sesion,,2022-07-01 23:49:40,2022-07-01 19:49:40
83049,680,01-07-2022,1656719386,F01,plaza,C,218,122,238,5348,-72.06749833333333,-45.57119,sesion,,2022-07-01 23:49:50,2022-07-01 19:49:50
83050,681,01-07-2022,1656719391,F01,plaza,C,220,124,242,5345,-72.06749833333333,-45.57119,sesion,,2022-07-01 23:49:50,2022-07-01 19:49:50
83051,682,01-07-2022,1656719396,F01,plaza,C,223,123,245,5346,-72.06749833333333,-45.57119,sesion,,2022-07-01 23:50:00,2022-07-01 19:50:00
83052,683,01-07-2022,1656719402,F01,plaza,C,225,124,249,5348,-72.06749833333333,-45.57119,sesion,,2022-07-01 23:50:00,2022-07-01 19:50:00
83053,684,01-07-2022,1656719407,F01,plaza,C,227,126,247,5346,-72.06749833333333,-45.57119,sesion,,2022-07-01 23:50:10,2022-07-01 19:50:10
83054,685,01-07-2022,1656719412,F01,plaza,C,227,128,247,5347,-72.06749833333333,-45.57119,sesion,,2022-07-01 23:50:10,2022-07-01 19:50:10
83055,686,01-07-2022,1656719418,F01,plaza,C,231,128,249,5346,-72.06749833333333,-45.57119,sesion,,2022-07-01 23:50:20,2022-07-01 19:50:20
83056,687,01-07-2022,1656719423,F01,plaza,C,216,122,238,5347,-72.06782666666666,-45.57150166666667,sesion,,2022-07-01 23:50:20,2022-07-01 19:50:20
83057,688,01-07-2022,1656719428,F01,plaza,C,204,118,230,5347,-72.06782666666666,-45.57150166666667,sesion,,2022-07-01 23:50:30,2022-07-01 19:50:30
83058,689,01-07-2022,1656719434,F01,plaza,C,203,115,226,5347,-72.06782666666666,-45.57150166666667,sesion,,2022-07-01 23:50:30,2022-07-01 19:50:30
83059,690,01-07-2022,1656719439,F01,plaza,C,203,116,222,5347,-72.06782666666666,-45.57150166666667,sesion,,2022-07-01 23:50:40,2022-07-01 19:50:40
83060,691,01-07-2022,1656719445,F01,plaza,C,196,116,219,5347,-72.06782666666666,-45.57150166666667,sesion,,2022-07-01 23:50:40,2022-07-01 19:50:40
83061,692,01-07-2022,1656719450,F01,plaza,C,195,116,218,5348,-72.06782666666666,-45.57150166666667,sesion,,2022-07-01 23:50:50,2022-07-01 19:50:50
83062,693,01-07-2022,1656719455,F01,plaza,C,195,118,218,5347,-72.06782666666666,-45.57150166666667,sesion,,2022-07-01 23:51:00,2022-07-01 19:51:00
83063,694,01-07-2022,1656719461,F01,plaza,C,208,123,227,5347,-72.06782666666666,-45.57150166666667,sesion,,2022-07-01 23:51:00,2022-07-01 19:51:00
83064,695,01-07-2022,1656719466,F01,plaza,C,207,122,228,5348,-72.06782666666666,-45.57150166666667,sesion,,2022-07-01 23:51:10,2022-07-01 19:51:10
83065,696,01-07-2022,1656719471,F01,plaza,C,210,122,236,5346,-72.06872333333334,-45.57174666666666,sesion,,2022-07-01 23:51:10,2022-07-01 19:51:10
83066,697,01-07-2022,1656719477,F01,plaza,C,202,118,230,5348,-72.06872333333334,-45.57174666666666,sesion,,2022-07-01 23:51:20,2022-07-01 19:51:20
83067,698,01-07-2022,1656719482,F01,plaza,C,199,119,232,5348,-72.06872333333334,-45.57174666666666,sesion,,2022-07-01 23:51:20,2022-07-01 19:51:20
83068,699,01-07-2022,1656719487,F01,plaza,C,187,112,218,5347,-72.06872333333334,-45.57174666666666,sesion,,2022-07-01 23:51:30,2022-07-01 19:51:30
83069,700,01-07-2022,1656719493,F01,plaza,C,187,109,217,5347,-72.06872333333334,-45.57174666666666,sesion,,2022-07-01 23:51:30,2022-07-01 19:51:30
83070,701,01-07-2022,1656719498,F01,plaza,C,183,106,210,5347,-72.06872333333334,-45.57174666666666,sesion,,2022-07-01 23:51:40,2022-07-01 19:51:40
83071,702,01-07-2022,1656719503,F01,plaza,C,187,106,207,5347,-72.06872333333334,-45.57174666666666,sesion,,2022-07-01 23:51:40,2022-07-01 19:51:40
83072,703,01-07-2022,1656719509,F01,plaza,C,195,111,219,5348,-72.06872333333334,-45.57174666666666,sesion,,2022-07-01 23:51:50,2022-07-01 19:51:50
83073,704,01-07-2022,1656719514,F01,plaza,C,202,112,232,5348,-72.06872333333334,-45.57174666666666,sesion,,2022-07-01 23:51:50,2022-07-01 19:51:50
83074,705,01-07-2022,1656719519,F01,plaza,C,206,115,241,5346,-72.06965,-45.57167666666666,sesion,,2022-07-01 23:52:00,2022-07-01 19:52:00
83075,706,01-07-2022,1656719525,F01,plaza,C,201,111,231,5347,-72.06965,-45.57167666666666,sesion,,2022-07-01 23:52:00,2022-07-01 19:52:00
83076,707,01-07-2022,1656719530,F01,plaza,C,204,115,231,5347,-72.06965,-45.57167666666666,sesion,,2022-07-01 23:52:10,2022-07-01 19:52:10
83077,708,01-07-2022,1656719535,F01,plaza,C,212,119,242,5348,-72.06965,-45.57167666666666,sesion,,2022-07-01 23:52:20,2022-07-01 19:52:20
83078,709,01-07-2022,1656719541,F01,plaza,C,211,118,242,5347,-72.06965,-45.57167666666666,sesion,,2022-07-01 23:52:20,2022-07-01 19:52:20
83079,710,01-07-2022,1656719546,F01,plaza,C,216,120,244,5347,-72.06965,-45.57167666666666,sesion,,2022-07-01 23:52:30,2022-07-01 19:52:30
83080,711,01-07-2022,1656719551,F01,plaza,C,218,120,239,5348,-72.06965,-45.57167666666666,sesion,,2022-07-01 23:52:30,2022-07-01 19:52:30
83081,712,01-07-2022,1656719557,F01,plaza,C,214,115,227,5347,-72.06965,-45.57167666666666,sesion,,2022-07-01 23:52:40,2022-07-01 19:52:40
83082,713,01-07-2022,1656719562,F01,plaza,C,211,114,226,5348,-72.06877166666666,-45.57120833333333,sesion,,2022-07-01 23:52:40,2022-07-01 19:52:40
83083,714,01-07-2022,1656719568,F01,plaza,C,206,115,222,5347,-72.06877166666666,-45.57120833333333,sesion,,2022-07-01 23:52:50,2022-07-01 19:52:50
83084,715,01-07-2022,1656719573,F01,plaza,C,202,114,221,5347,-72.06877166666666,-45.57120833333333,sesion,,2022-07-01 23:52:50,2022-07-01 19:52:50
83085,716,01-07-2022,1656719578,F01,plaza,C,201,116,222,5348,-72.06877166666666,-45.57120833333333,sesion,,2022-07-01 23:53:00,2022-07-01 19:53:00
83086,717,01-07-2022,1656719584,F01,plaza,C,197,115,223,5348,-72.06877166666666,-45.57120833333333,sesion,,2022-07-01 23:53:00,2022-07-01 19:53:00
83087,718,01-07-2022,1656719589,F01,plaza,C,196,115,220,5347,-72.06877166666666,-45.57120833333333,sesion,,2022-07-01 23:53:10,2022-07-01 19:53:10
